strain,barcode,bar_length
CNTRL-1A,AGCAAATCAACAAAAGATAA,20
CNTRL-1B,AGCCATGTACTCGGTGGTTC,20
CNTRL-1C,CGTTAATTTACACTGCATGT,20
CNTRL-1D,TCGGCATAAAACATAAAACA,20
CNTRL-1E,GTAAGATAAGGAATGAAAGG,20
CNTRL-1F,CTTCGAAAAGGAGAACTAAA,20
CNTRL-1G,GTCTGAAGGGCAGTGACTGC,20
CNTRL-1H,CCGGTATTGAGACAGAAAGT,20
NFS-1E,CTTGGATCCGACGAATGCAA,20
NFS-2A,GTGGGCGCCCCGTCCCCGCA,20
NFS-2B,TCACAAAAAAATAACTAAGA,20
NFS-2D,ACGGTTTGTTAGGTAAACTC,20
NFS-2F,GCTCTGGCTTAAAGTATCAA,20
NFS-3G,AGTACGGATGAAGAGAGTAA,20
NFS-4B,TATGAGGCAGGAGGAAAAAA,20
NFS-4E,TAACTGCCGCGCGTCGAAAA,20
NFS-5B,CGTAAATCGTCAAAGAAAAA,20
NFS-5D,CTAGAAAATAACTTAAGAAA,20
NFS-5G,GGACCTATGAGAGTGGTCGT,20
NFS-6C,TCCGGGGACGCTTCGAACC,19
NFS-7A,TTTGTGACCAAGAAGATAGA,20
NFS-7C,CACCAGGAGGCGGCACCCAA,20
NFS-7E,GCCCGCTTCGCTTTGCGCCA,20
NFS-7H,CGGAAACGTGAGACAAAAA,19
P1-11B,GCGGTTCGAGGTTTTTACGT,20
P1-11C,GGGAAGACAAAACGAAGGAG,20
P1-11D,CTCAGGACGATTCTAGACAT,20
P1-11E,TAGTCCGTCCCAATCAGATA,20
P1-11F,GGCCTGCACACTCCAGGAAA,20
P1-12H,ACAGGACTGAGAACGAACGA,20
P1-1A,ATATGGGCAGCCCTAGATCG,20
P1-1D,CTACCCCCGTGACGAGTACC,20
P1-1E,GATTAACTCCTAAGAAAAAC,20
P1-1F,CAGCCTCGGTAAATGCACAA,20
P1-1G,GGGAGTGTCCTGAAACATCC,20
P1-1H,CCACAGGGCTCTAGTCCAAA,20
P1-2D,TCCATATTAAGGAGAAAAAG,20
P1-2F,GCGGACCAAAAGAGAGTCAT,20
P1-2H,CGTGTACAGGGACACTAAAA,20
P1-3A,CGATGCGAACCAAGGAAAAA,20
P1-3B,TGGCGACCGAGGTTAAAGTG,20
P1-3C,CGCCGCGTACAGAGGCATTC,20
P1-3D,ACGTTAGCCAAGGCAACCGA,20
P1-3F,ATCGAAAGAATGTGCGTCGC,20
P1-3H,CAATAGCCCAAGGGATAATA,20
P1-4A,CAAGGTCTTGTAATTTAAGA,20
P1-4B,CGAGGGACACCCGAAAAAAT,20
P1-4C,CCCGTGGGACGGTAAACAAA,20
P1-4D,GTAGGGTCGAACTTAGAAGC,20
P1-4F,AGATCAAGACCCGGTAAAAA,20
P1-4G,CCAAGTTGCAACAGATGTGG,20
P1-4H,CCAGGTGAAGAGTGATACAT,20
P1-5A,TATCATAAGCACGAGTCCGA,20
P1-5B,CGAAGACTCGGGAAACAACA,20
P1-5C,ACAGGGTAGGGTAAAAAACG,20
P1-5D,CCCCGCATCCAATTGGGACT,20
P1-5G,CTTAAAATGCACGGGAGCAA,20
P1-5H,TGTGAATTCGCAGAAGTGAC,20
P1-6A,GGAGAAGCTATCGGATACGA,20
P1-6C,GGGAAGACAAAACGAAGGAG,20
P1-6D,GTCAGGGTCCCCAGTGGTGC,20
P1-6F,ATAGACCCACCAAAGAAAAA,20
P1-6G,GGGCGGTACGCAGGTGCGGC,20
P1-6H,GTTAAGGAACGGTGATATAC,20
P1-7A,GCCGGTAAAGAAAGGTAAAT,20
P1-7B,AAATGATGAGAAATTTAGT,19
P1-7C,CTACCCCCGTGACGAGTACC,20
P1-7D,GCACTGAGGCTCTACGGCGT,20
P1-7E,GCACTGAGGCTCTACGGCGT,20
P1-7F,GCACATGCGACCCAATGGCA,20
P1-7G,CTCCGGGCGGTCGGAAAAAC,20
P1-7H,ACAGGACTGAGAACGAACGA,20
P1-8A,AAACTCATCAGAGAAAAAAA,20
P1-8B,AGCATCCGACCCAGACATCA,20
P1-8C,GCACTGAGGCTCTACGGCGT,20
P1-8D,GCGGACGAAAATATATACAT,20
P1-8E,ACGGGGGCCCAAAAAAGCCA,20
P1-8F,TGTTATTTGTGGATTGACAT,20
P1-8G,ACAGTTCCTGGGAATGAGAG,20
P1-8H,TGCTTGGTGTCGGCCTATGG,20
P1-9A,CGTGGTCCAAATTTATAAAG,20
P1-9B,GGACGGCAGAAGTTCGCGAC,20
P1-9C,GAGACTTATGAATTTAATCC,20
P1-9D,ATGGACCAAGGAAAGCAACT,20
P1-9E,CCACAGGGCTCTAGTCCAAA,20
P1-9F,AAAGCGATGGAGACACATAT,20
P1-9G,CGCGCAAAAATCGAAAAGTA,20
P1-9H,GTTTAGCCGCAGGTAAACCT,20
P2-10A,CGTGAAGCGATAAATAACTA,20
P2-10D,GACGCGAACCTAATGAAATC,20
P2-10G,CAAACAAGGAGAAGTAAAAC,20
P2-10H,GGGCAGTAAAGGGGGGGAGT,20
P2-11C,CAATAGCCCAAGGGATAATA,20
P2-11E,CGACGACCACCGGAAAATGG,20
P2-11F,CCGAGTCGCCGGACGAACAG,20
P2-11H,GGGCAGTAAAGGGGGGGAGT,20
P2-1A,CTACCGCGACTAAGAGGAAC,20
P2-1B,TTTCCCAATAGGATATC,17
P2-1D,CCCCCCATCGGCATCAACTC,20
P2-1G,CCAGCAAACCGTATAACAA,19
P2-2A,GGATGTTTGCGTAAATAGAA,20
P2-2C,GGTCGAACAATGAAGCGCGA,20
P2-2D,ATGAAACATGTGCAAGGATT,20
P2-2H,CCTAGCGGTAAAAGGTACAA,20
P2-3C,TGTTGTCGAAAAGGTATTCA,20
P2-3D,GTGGGCCAAATGAGACGCCA,20
P2-3E,GAAAGCATCGTTCCTTAGAA,20
P2-3G,CGAATGGAAAAGCACAACGA,20
P2-4A,TTACACTGCGTAAAAAAAAA,20
P2-4D,ATGTGTATTTCTGGAAAAAA,20
P2-4E,TTACAAGCTAAGAGAAGAAA,20
P2-4G,GTTCGCCCTGGTCAAAAAAA,20
P2-4H,CGGACCGAACATTAGGAACG,20
P2-5B,GGTTCGAACGTCGGGGAAAA,20
P2-5G,GGTTAGTACTCGTAACATCA,20
P2-5H,CGGGGGCCGGTCACGGGAAC,20
P2-6A,GCCTGTTTTAAAATCTAAAA,20
P2-6B,GGTATTCCAAACAGACGCCC,20
P2-6D,AATCTCGACGAAGTTAAAAG,20
P2-6E,TCACTGCCCAATAGTTAGGC,20
P2-6F,GCTCACCCATGGCAAGTGAG,20
P2-6G,GATCACAGAAAAATTTAAAT,20
P2-6H,GGATGCTATCAGAGCTGCAC,20
P2-7B,GGGAGTACTAGACCAGGAAC,20
P2-7C,TGGCAAATTCATAGGCTTCT,20
P2-7D,GCCGAACAGTTCAAAATGAG,20
P2-7E,GGCGCAGCAAATCGTAACGG,20
P2-7F,GGGTCTGAGCTGATAGTCGA,20
P2-7G,GCTAGGGCCGACCGAAAACC,20
P2-7H,GTCCTTGGTTTGGGAAAAAC,20
P2-8A,ACACCCCCAGTCAAACAAA,19
P2-8C,CTGGAGTATCGTTGAGATGA,20
P2-8D,CCCGGACTCTGGATTGCAAG,20
P2-8E,GCAGCTGAAAGAAGAAACAG,20
P2-8G,GATCACAGAAAAATTTAAAT,20
P2-8H,GCATGCACCACGTCGAAAAT,20
P2-9C,GCGCACGCGAATTGTCACAA,20
P2-9D,AGACCAGAACCCGCCCCATT,20
P2-9E,CAAACAAGGAGAAGTAAAAC,20
P2-9F,GGCTCCCTCGCGAGGCAGAC,20
P2-9G,CCCCGAAATACAATTGACAC,20
P2-9H,CGGCGAGCAAACTCAAATAA,20
P3-1A,AGCGAAGCTTTAACCTTTAG,20
P3-1B,GAGCGAGCATCTTAAAAATA,20
P3-1C,GTGCTTGGCCTAATGAACAA,20
P3-1D,AGGAAAGATGAAACAAGCCC,20
P3-1F,CTCGGAGGTCTGAAGAACCC,20
P3-1G,ATCCCGCCGGGACAAGACAC,20
P3-1H,CCTGATGGTCGCAAATGTTC,20
P3-2A,GCACGACATGACAAATCGCC,20
P3-2C,GCAGAGCCCCGCACTGAACA,20
P3-2F,CCTCGGCCCAGGACGGTAAC,20
P3-2G,AGTTGGAAGACCCACCAAAA,20
P3-2H,TCACGGCATAAGCTTGAATA,20
P3-3A,AAAGACAAAATACAATAAGA,20
P3-3B,GGAAATGCCAGGTACAACGA,20
P3-3C,GACACGAAAAAAAAATTGAG,20
P3-3D,AAAGACAAAATACAATAAGA,20
P3-3F,AGACGCGCCCAAGACAATTC,20
P3-3G,CGATCCCTAAAATCGATTCC,20
P3-3H,AACCGTTTCCCATAAGAGGC,20
P3-4A,AACCGTTTCCCATAAGAGGC,20
P3-4D,ATGTGTATTTCTGGAAAAAA,20
P3-4E,GAATAAACATATAATGATAT,20
P3-4F,GAGTTCGCCCAGGGAGACTA,20
P3-4G,CCTGATGGTCGCAAATGTTC,20
P3-4H,GGCCTTAGGTTGAAGCGAAC,20
P3-5A,GTGCTTGGCCTAATGAACAA,20
P3-5B,GGACCGAACTCGCTACGCAC,20
P3-5C,TTAGGCAAGTAATTATAATA,20
P3-5D,GAGTTGGGGTGGAAAAAACA,20
P3-5E,GTTGACTACCCCACGGTCGC,20
P3-5F,AATATGAAACTACACTACAA,20
P3-5G,CCAATCATAACTCGACGAAC,20
P3-6A,CGGCGCACCCATACACATGG,20
P3-6B,ACCAAATCTAAAAGATAAAA,20
P3-6C,AGGATAAAAGAACAAAGAACA,21
P3-6D,CAGGATCACCCGTCTCGATT,20
P3-6E,CGACAAGACAAAAAAGAGTT,20
P3-6F,GAACGAAGAGATAGAACCAC,20
P3-6G,ACCCTACCGTAACAATGAGA,20
P3-7A,GTGCGATGGAAACCAAAGTC,20
P3-7B,GACATCCGATTGA,13
P3-7C,AGACTCAAAAGTTGGAAATA,20
P3-7F,GCGCTATAGAACGTTCAAGA,20
P3-7G,CACTAAACGACCAAAAACGT,20
P3-7H,GGCAGTTGGCGGCGAAGAAG,20
P3-8A,TCAAGGTATTAATAAAAAAA,20
P3-8B,ACGCTAAGAAAGAATATAAA,20
P3-8C,CTGGCAATGGTACAGATCGC,20
P3-8D,ATTTGAGTATCGTAAGGCAC,20
P3-8E,CCGCTCTCCGCGACACGAAA,20
P3-8F,CTGCACATCAATATGAAAAC,20
P3-8H,GGCAGTTGGCGGCGAAGAAG,20
