Project,Sample_ID,Description,Barcode,# Reads,path
11790-YK,11790-YK-1_AATATTGCCA-CGGTGACACC,CNTRL-1A,AATATTGCCA-CGGTGACACC,11088318,11790-YK/11790-YK-1_AATATTGCCA-CGGTGACACC
11790-YK,11790-YK-1_TCGTGCATTC-GCGTTGGTAT,CNTRL-1B,TCGTGCATTC-GCGTTGGTAT,13259965,11790-YK/11790-YK-1_TCGTGCATTC-GCGTTGGTAT
11790-YK,11790-YK-1_AAGATACACG-TGTGCTAACA,CNTRL-1C,AAGATACACG-TGTGCTAACA,21866265,11790-YK/11790-YK-1_AAGATACACG-TGTGCTAACA
11790-YK,11790-YK-1_TGCAATGAAT-CCAGAAGTAA,CNTRL-1D,TGCAATGAAT-CCAGAAGTAA,17579431,11790-YK/11790-YK-1_TGCAATGAAT-CCAGAAGTAA
11790-YK,11790-YK-1_CTATGAAGGA-CTTATACCTG,CNTRL-1E,CTATGAAGGA-CTTATACCTG,21237649,11790-YK/11790-YK-1_CTATGAAGGA-CTTATACCTG
11790-YK,11790-YK-1_GAAGACTAGA-ACTAGAACTT,CNTRL-1F,GAAGACTAGA-ACTAGAACTT,15025593,11790-YK/11790-YK-1_GAAGACTAGA-ACTAGAACTT
11790-YK,11790-YK-1_CCAGGTTATC-GAATGCAGTT,CNTRL-1G,CCAGGTTATC-GAATGCAGTT,13482858,11790-YK/11790-YK-1_CCAGGTTATC-GAATGCAGTT
11790-YK,11790-YK-1_TTCACTCACT-TATCATGAGA,CNTRL-1H,TTCACTCACT-TATCATGAGA,19139249,11790-YK/11790-YK-1_TTCACTCACT-TATCATGAGA
11790-YK,11790-YK-1_TATAACAGCT-TCGCGTATAA,NFS-1E,TATAACAGCT-TCGCGTATAA,17724316,11790-YK/11790-YK-1_TATAACAGCT-TCGCGTATAA
11790-YK,11790-YK-1_CCAATGATAC-GAGTGTGCCG,NFS-1F,CCAATGATAC-GAGTGTGCCG,15539328,11790-YK/11790-YK-1_CCAATGATAC-GAGTGTGCCG
11790-YK,11790-YK-1_GAGGCCTATT-CTAGTCCGGA,NFS-1H,GAGGCCTATT-CTAGTCCGGA,19005995,11790-YK/11790-YK-1_GAGGCCTATT-CTAGTCCGGA
11790-YK,11790-YK-1_AGCTAAGCGG-ATTAATACGC,NFS-2A,AGCTAAGCGG-ATTAATACGC,16222905,11790-YK/11790-YK-1_AGCTAAGCGG-ATTAATACGC
11790-YK,11790-YK-1_CTTCCTAGGA-CCTAGAGTAT,NFS-2B,CTTCCTAGGA-CCTAGAGTAT,19951062,11790-YK/11790-YK-1_CTTCCTAGGA-CCTAGAGTAT
11790-YK,11790-YK-1_CGATCTGTGA-TAGGAAGACT,NFS-2D,CGATCTGTGA-TAGGAAGACT,16175475,11790-YK/11790-YK-1_CGATCTGTGA-TAGGAAGACT
11790-YK,11790-YK-1_GTGGACAAGT-CCGTGGCCTT,NFS-2E,GTGGACAAGT-CCGTGGCCTT,18727426,11790-YK/11790-YK-1_GTGGACAAGT-CCGTGGCCTT
11790-YK,11790-YK-1_AACAAGTACA-GGATATATCC,NFS-2F,AACAAGTACA-GGATATATCC,17940333,11790-YK/11790-YK-1_AACAAGTACA-GGATATATCC
11790-YK,11790-YK-1_AGATTAAGTG-CACCTCTTGG,NFS-3G,AGATTAAGTG-CACCTCTTGG,20283596,11790-YK/11790-YK-1_AGATTAAGTG-CACCTCTTGG
11790-YK,11790-YK-1_TATCACTCTG-AACGTTACAT,NFS-4B,TATCACTCTG-AACGTTACAT,17806589,11790-YK/11790-YK-1_TATCACTCTG-AACGTTACAT
11790-YK,11790-YK-1_AGAATTCGCC-CGGCAAGCTC,NFS-4E,AGAATTCGCC-CGGCAAGCTC,11561204,11790-YK/11790-YK-1_AGAATTCGCC-CGGCAAGCTC
11790-YK,11790-YK-1_CCTGACCACT-TCTTGGCTAT,NFS-5B,CCTGACCACT-TCTTGGCTAT,19899094,11790-YK/11790-YK-1_CCTGACCACT-TCTTGGCTAT
11790-YK,11790-YK-1_AGCTGGAATG-ACGGAATGCG,NFS-5D,AGCTGGAATG-ACGGAATGCG,14809393,11790-YK/11790-YK-1_AGCTGGAATG-ACGGAATGCG
11790-YK,11790-YK-1_CCTTGGCATC-GACCGATTCG,NFS-5G,CCTTGGCATC-GACCGATTCG,19796807,11790-YK/11790-YK-1_CCTTGGCATC-GACCGATTCG
11790-YK,11790-YK-1_TATAGGTACT-TAGGTGAGAT,NFS-6C,TATAGGTACT-TAGGTGAGAT,18289436,11790-YK/11790-YK-1_TATAGGTACT-TAGGTGAGAT
11790-YK,11790-YK-1_CAAGTCTACA-CACGTACGTG,NFS-7A,CAAGTCTACA-CACGTACGTG,14161923,11790-YK/11790-YK-1_CAAGTCTACA-CACGTACGTG
11790-YK,11790-YK-1_GAGAAGAGGA-TTGACCTAAC,NFS-7C,GAGAAGAGGA-TTGACCTAAC,14115086,11790-YK/11790-YK-1_GAGAAGAGGA-TTGACCTAAC
11790-YK,11790-YK-1_AGATAGTAGC-GGCACGCCAT,NFS-7E,AGATAGTAGC-GGCACGCCAT,33445704,11790-YK/11790-YK-1_AGATAGTAGC-GGCACGCCAT
11790-YK,11790-YK-1_ATTAGAAGAC-GCAGGCTGGA,NFS-7H,ATTAGAAGAC-GCAGGCTGGA,11147875,11790-YK/11790-YK-1_ATTAGAAGAC-GCAGGCTGGA
11790-YK,11790-YK-1_GCTCGCACAT-ATGGCTTAAT,NFS-8C,GCTCGCACAT-ATGGCTTAAT,23631390,11790-YK/11790-YK-1_GCTCGCACAT-ATGGCTTAAT
11314-YK,11314-YK-1_ATCGTTACGG-GCTCCGGAAG,P1-1A,ATCGTTACGG-GCTCCGGAAG,24772966,11314-YK/11314-YK-1_ATCGTTACGG-GCTCCGGAAG
11314-YK,11314-YK-1_TCCTACGTCA-TACTTAAGTG,P1-1D,TCCTACGTCA-TACTTAAGTG,12298363,11314-YK/11314-YK-1_TCCTACGTCA-TACTTAAGTG
11314-YK,11314-YK-1_GTTATATCGC-AAGACAAGGA,P1-1E,GTTATATCGC-AAGACAAGGA,11115465,11314-YK/11314-YK-1_GTTATATCGC-AAGACAAGGA
11314-YK,11314-YK-1_GTTGGCCATC-TGACATTCGT,P1-1F,GTTGGCCATC-TGACATTCGT,12100521,11314-YK/11314-YK-1_GTTGGCCATC-TGACATTCGT
11314-YK,11314-YK-1_TCCTGGTTGT-CTGACCGGCA,P1-1G,TCCTGGTTGT-CTGACCGGCA,13790459,11314-YK/11314-YK-1_TCCTGGTTGT-CTGACCGGCA
11314-YK,11314-YK-1_TAATTCTGCT-TCTCATCAAT,P1-1H,TAATTCTGCT-TCTCATCAAT,9868861,11314-YK/11314-YK-1_TAATTCTGCT-TCTCATCAAT
11314-YK,11314-YK-1_CGCACGACTG-GGACCAACAG,P1-2D,CGCACGACTG-GGACCAACAG,19910017,11314-YK/11314-YK-1_CGCACGACTG-GGACCAACAG
11314-YK,11314-YK-1_GAGGTTAGAC-AATGTATTGC,P1-2F,GAGGTTAGAC-AATGTATTGC,17793728,11314-YK/11314-YK-1_GAGGTTAGAC-AATGTATTGC
11314-YK,11314-YK-1_AACCGAGTTC-GATCTCTGGA,P1-2H,AACCGAGTTC-GATCTCTGGA,11504429,11314-YK/11314-YK-1_AACCGAGTTC-GATCTCTGGA
11314-YK,11314-YK-1_TGTGATAACT-CAGGCGCCAT,P1-3A,TGTGATAACT-CAGGCGCCAT,7548293,11314-YK/11314-YK-1_TGTGATAACT-CAGGCGCCAT
11314-YK,11314-YK-1_AGTATGCTAC-TTAATAGACC,P1-3B,AGTATGCTAC-TTAATAGACC,11194243,11314-YK/11314-YK-1_AGTATGCTAC-TTAATAGACC
11314-YK,11314-YK-1_GTAACTGAAG-GGAGTCGCGA,P1-3C,GTAACTGAAG-GGAGTCGCGA,12458592,11314-YK/11314-YK-1_GTAACTGAAG-GGAGTCGCGA
11314-YK,11314-YK-1_TCCTCGGACT-AACGCCAGAG,P1-3D,TCCTCGGACT-AACGCCAGAG,22133282,11314-YK/11314-YK-1_TCCTCGGACT-AACGCCAGAG
11314-YK,11314-YK-1_CTGGAACTGT-CGTAATTAAC,P1-3F,CTGGAACTGT-CGTAATTAAC,12859326,11314-YK/11314-YK-1_CTGGAACTGT-CGTAATTAAC
11314-YK,11314-YK-1_GAATATGCGG-ACGAGACTGA,P1-3H,GAATATGCGG-ACGAGACTGA,11435330,11314-YK/11314-YK-1_GAATATGCGG-ACGAGACTGA
11314-YK,11314-YK-1_GATCGGATAA-GTATCGGCCG,P1-4A,GATCGGATAA-GTATCGGCCG,12204909,11314-YK/11314-YK-1_GATCGGATAA-GTATCGGCCG
11314-YK,11314-YK-1_GCTAGACTAT-AATACGACAT,P1-4B,GCTAGACTAT-AATACGACAT,13405327,11314-YK/11314-YK-1_GCTAGACTAT-AATACGACAT
11314-YK,11314-YK-1_AGCTACTATA-GTTATATGGC,P1-4C,AGCTACTATA-GTTATATGGC,4810041,11314-YK/11314-YK-1_AGCTACTATA-GTTATATGGC
11314-YK,11314-YK-1_CCACCGGAGT-GCCTGCCATG,P1-4D,CCACCGGAGT-GCCTGCCATG,11609646,11314-YK/11314-YK-1_CCACCGGAGT-GCCTGCCATG
11314-YK,11314-YK-1_CTTACCGCAC-TAAGACCTAT,P1-4F,CTTACCGCAC-TAAGACCTAT,13503900,11314-YK/11314-YK-1_CTTACCGCAC-TAAGACCTAT
11314-YK,11314-YK-1_TTAGGATATC-TATACCATGG,P1-4G,TTAGGATATC-TATACCATGG,14825537,11314-YK/11314-YK-1_TTAGGATATC-TATACCATGG
11314-YK,11314-YK-1_TTATACGCGA-GCCGTCTGTT,P1-4H,TTATACGCGA-GCCGTCTGTT,11056319,11314-YK/11314-YK-1_TTATACGCGA-GCCGTCTGTT
11314-YK,11314-YK-1_CGCTTAGAAT-CAGAGTGATA,P1-5A,CGCTTAGAAT-CAGAGTGATA,4947509,11314-YK/11314-YK-1_CGCTTAGAAT-CAGAGTGATA
11314-YK,11314-YK-1_CCGAAGCGCT-TGCTAACTAT,P1-5B,CCGAAGCGCT-TGCTAACTAT,9603043,11314-YK/11314-YK-1_CCGAAGCGCT-TGCTAACTAT
11314-YK,11314-YK-1_CACTATCAAC-TCAGTTAATG,P1-5C,CACTATCAAC-TCAGTTAATG,12392858,11314-YK/11314-YK-1_CACTATCAAC-TCAGTTAATG
11314-YK,11314-YK-1_CATCTACGTA-TGTAATTGAG,P1-5D,CATCTACGTA-TGTAATTGAG,14937242,11314-YK/11314-YK-1_CATCTACGTA-TGTAATTGAG
11314-YK,11314-YK-1_TTACAGTTAG-ACATGCATAT,P1-5G,TTACAGTTAG-ACATGCATAT,14852243,11314-YK/11314-YK-1_TTACAGTTAG-ACATGCATAT
11314-YK,11314-YK-1_CTAAGTACGC-AACATACCTA,P1-5H,CTAAGTACGC-AACATACCTA,13223431,11314-YK/11314-YK-1_CTAAGTACGC-AACATACCTA
11314-YK,11314-YK-1_CTAGAGCGCA-GCTTCTAGCA,P1-6A,CTAGAGCGCA-GCTTCTAGCA,16912981,11314-YK/11314-YK-1_CTAGAGCGCA-GCTTCTAGCA
11314-YK,11314-YK-1_TCGATCACGC-CATAGAGCCT,P1-6C,TCGATCACGC-CATAGAGCCT,16601643,11314-YK/11314-YK-1_TCGATCACGC-CATAGAGCCT
11314-YK,11314-YK-1_AACCTGGCTC-TGAGTATGTT,P1-6D,AACCTGGCTC-TGAGTATGTT,13261144,11314-YK/11314-YK-1_AACCTGGCTC-TGAGTATGTT
11314-YK,11314-YK-1_TTATGGAAGT-GACAATAACA,P1-6F,TTATGGAAGT-GACAATAACA,22693476,11314-YK/11314-YK-1_TTATGGAAGT-GACAATAACA
11314-YK,11314-YK-1_TAGTGGAAGC-AGTACCTATA,P1-6G,TAGTGGAAGC-AGTACCTATA,6174033,11314-YK/11314-YK-1_TAGTGGAAGC-AGTACCTATA
11314-YK,11314-YK-1_CGCCATATCT-GACCGGAGAT,P1-6H,CGCCATATCT-GACCGGAGAT,5329073,11314-YK/11314-YK-1_CGCCATATCT-GACCGGAGAT
11314-YK,11314-YK-1_GCAGCCTCAA-TAAGTGCTAG,P1-7A,GCAGCCTCAA-TAAGTGCTAG,10657907,11314-YK/11314-YK-1_GCAGCCTCAA-TAAGTGCTAG
11314-YK,11314-YK-1_ACTAGCGCTA-TTACTTCCTC,P1-7B,ACTAGCGCTA-TTACTTCCTC,13238057,11314-YK/11314-YK-1_ACTAGCGCTA-TTACTTCCTC
11314-YK,11314-YK-1_GCTCTTAACT-CACGTCCACC,P1-7C,GCTCTTAACT-CACGTCCACC,13836220,11314-YK/11314-YK-1_GCTCTTAACT-CACGTCCACC
11314-YK,11314-YK-1_GTGGTATCTG-GCTACTATCT,P1-7D,GTGGTATCTG-GCTACTATCT,14972987,11314-YK/11314-YK-1_GTGGTATCTG-GCTACTATCT
11314-YK,11314-YK-1_TGACGGCCGT-AGTCAACCAT,P1-7E,TGACGGCCGT-AGTCAACCAT,9735318,11314-YK/11314-YK-1_TGACGGCCGT-AGTCAACCAT
11314-YK,11314-YK-1_CAGTAATTAC-CGAGGCGGTA,P1-7F,CAGTAATTAC-CGAGGCGGTA,15830016,11314-YK/11314-YK-1_CAGTAATTAC-CGAGGCGGTA
11314-YK,11314-YK-1_TACAAGACTT-CAGGTGTTCA,P1-7G,TACAAGACTT-CAGGTGTTCA,13430157,11314-YK/11314-YK-1_TACAAGACTT-CAGGTGTTCA
11314-YK,11314-YK-1_CTGTGGTGAC-GACAGACAGG,P1-7H,CTGTGGTGAC-GACAGACAGG,6866128,11314-YK/11314-YK-1_CTGTGGTGAC-GACAGACAGG
11314-YK,11314-YK-1_CTCCACTAAT-TGTACTTGTT,P1-8A,CTCCACTAAT-TGTACTTGTT,14663839,11314-YK/11314-YK-1_CTCCACTAAT-TGTACTTGTT
11314-YK,11314-YK-1_ATAGTTAGCA-CTCTAAGTAG,P1-8B,ATAGTTAGCA-CTCTAAGTAG,14762028,11314-YK/11314-YK-1_ATAGTTAGCA-CTCTAAGTAG
11314-YK,11314-YK-1_ATAGGTCTTA-GTCACCACAG,P1-8C,ATAGGTCTTA-GTCACCACAG,7889117,11314-YK/11314-YK-1_ATAGGTCTTA-GTCACCACAG
11314-YK,11314-YK-1_TTCTTAACCA-TCTACATACC,P1-8D,TTCTTAACCA-TCTACATACC,7445164,11314-YK/11314-YK-1_TTCTTAACCA-TCTACATACC
11314-YK,11314-YK-1_AAGGAAGAGT-CACGTTAGGC,P1-8E,AAGGAAGAGT-CACGTTAGGC,5633891,11314-YK/11314-YK-1_AAGGAAGAGT-CACGTTAGGC
11314-YK,11314-YK-1_GGAAGGAGAC-TGGTGAGTCT,P1-8F,GGAAGGAGAC-TGGTGAGTCT,7400309,11314-YK/11314-YK-1_GGAAGGAGAC-TGGTGAGTCT
11314-YK,11314-YK-1_TGAACGCGGA-CTTCGAAGGA,P1-8G,TGAACGCGGA-CTTCGAAGGA,10937324,11314-YK/11314-YK-1_TGAACGCGGA-CTTCGAAGGA
11314-YK,11314-YK-1_AAGAGAGTCT-TACGAATCTT,P1-8H,AAGAGAGTCT-TACGAATCTT,13971427,11314-YK/11314-YK-1_AAGAGAGTCT-TACGAATCTT
11314-YK,11314-YK-1_TTCATGGTTC-GACATTGTCA,P1-9A,TTCATGGTTC-GACATTGTCA,13891618,11314-YK/11314-YK-1_TTCATGGTTC-GACATTGTCA
11314-YK,11314-YK-1_CTCTCGGCTA-TACCAGATCT,P1-9B,CTCTCGGCTA-TACCAGATCT,17984217,11314-YK/11314-YK-1_CTCTCGGCTA-TACCAGATCT
11314-YK,11314-YK-1_CACTAGACCA-ACTGCCTTAT,P1-9C,CACTAGACCA-ACTGCCTTAT,7224750,11314-YK/11314-YK-1_CACTAGACCA-ACTGCCTTAT
11790-YK,11790-YK-1_GGAGAGACTC-TTGAAGCAGA,P1-9D,GGAGAGACTC-TTGAAGCAGA,9115779,11790-YK/11790-YK-1_GGAGAGACTC-TTGAAGCAGA
11790-YK,11790-YK-1_ATACATCACA-TCTCCATTGA,P1-9E,ATACATCACA-TCTCCATTGA,15376215,11790-YK/11790-YK-1_ATACATCACA-TCTCCATTGA
11314-YK,11314-YK-1_TCCAGAGATC-CTGCACTTCA,P1-9F,TCCAGAGATC-CTGCACTTCA,16100210,11314-YK/11314-YK-1_TCCAGAGATC-CTGCACTTCA
11314-YK,11314-YK-1_ATGTCCAGCA-CAGCGGACAA,P1-9G,ATGTCCAGCA-CAGCGGACAA,10939604,11314-YK/11314-YK-1_ATGTCCAGCA-CAGCGGACAA
11314-YK,11314-YK-1_CAACGTTCGG-GGATCCGCAT,P1-9H,CAACGTTCGG-GGATCCGCAT,16634790,11314-YK/11314-YK-1_CAACGTTCGG-GGATCCGCAT
11314-YK,11314-YK-1_GCGTATTAAT-TGCGGTGTTG,P1-11B,GCGTATTAAT-TGCGGTGTTG,21348368,11314-YK/11314-YK-1_GCGTATTAAT-TGCGGTGTTG
11314-YK,11314-YK-1_CCGAATCTGG-ATGAATCAAG,P1-11C,CCGAATCTGG-ATGAATCAAG,24236533,11314-YK/11314-YK-1_CCGAATCTGG-ATGAATCAAG
11314-YK,11314-YK-1_TCTCAATACC-GACGTTCGCG,P1-11D,TCTCAATACC-GACGTTCGCG,20104505,11314-YK/11314-YK-1_TCTCAATACC-GACGTTCGCG
11314-YK,11314-YK-1_AAGCATCTTG-CATTCAACAA,P1-11E,AAGCATCTTG-CATTCAACAA,27994948,11314-YK/11314-YK-1_AAGCATCTTG-CATTCAACAA
11314-YK,11314-YK-1_TCAGTCTCGT-CACGGATTAT,P1-11F,TCAGTCTCGT-CACGGATTAT,25473362,11314-YK/11314-YK-1_TCAGTCTCGT-CACGGATTAT
11314-YK,11314-YK-1_GTATAGAACA-TGTCACAGGA,P1-11G,GTATAGAACA-TGTCACAGGA,28805743,11314-YK/11314-YK-1_GTATAGAACA-TGTCACAGGA
11314-YK,11314-YK-1_GTAACAATCT-CTCTGTATAC,P1-12H,GTAACAATCT-CTCTGTATAC,26929774,11314-YK/11314-YK-1_GTAACAATCT-CTCTGTATAC
11314-YK,11314-YK-1_CCATGGTATA-TCTCGCGGAG,P2-1A,CCATGGTATA-TCTCGCGGAG,8912565,11314-YK/11314-YK-1_CCATGGTATA-TCTCGCGGAG
11314-YK,11314-YK-1_TCATACCGTT-GGTAACGCAG,P2-1B,TCATACCGTT-GGTAACGCAG,17765592,11314-YK/11314-YK-1_TCATACCGTT-GGTAACGCAG
11314-YK,11314-YK-1_GGCGCCATTG-ACCGCGCAAT,P2-1D,GGCGCCATTG-ACCGCGCAAT,11193676,11314-YK/11314-YK-1_GGCGCCATTG-ACCGCGCAAT
11314-YK,11314-YK-1_AGCGAATTAG-AGCCGGAACA,P2-1F,AGCGAATTAG-AGCCGGAACA,15622164,11314-YK/11314-YK-1_AGCGAATTAG-AGCCGGAACA
11314-YK,11314-YK-1_TTAGACCATG-TCCTAGGAAG,P2-1G,TTAGACCATG-TCCTAGGAAG,10098475,11314-YK/11314-YK-1_TTAGACCATG-TCCTAGGAAG
11314-YK,11314-YK-1_CACACAGTAT-TTGAGCCTAA,P2-2A,CACACAGTAT-TTGAGCCTAA,9237131,11314-YK/11314-YK-1_CACACAGTAT-TTGAGCCTAA
11314-YK,11314-YK-1_TCTTGTCGGC-CCACCTGTGT,P2-2C,TCTTGTCGGC-CCACCTGTGT,4480628,11314-YK/11314-YK-1_TCTTGTCGGC-CCACCTGTGT
11314-YK,11314-YK-1_CTAACCGAGA-TCGATGCGCG,P2-2D,CTAACCGAGA-TCGATGCGCG,3298662,11314-YK/11314-YK-1_CTAACCGAGA-TCGATGCGCG
11314-YK,11314-YK-1_AGTGTCTAGG-CCTAGAAGCA,P2-2H,AGTGTCTAGG-CCTAGAAGCA,9606498,11314-YK/11314-YK-1_AGTGTCTAGG-CCTAGAAGCA
11314-YK,11314-YK-1_GAGGAGCTTC-GACGTATACA,P2-3C,GAGGAGCTTC-GACGTATACA,16307945,11314-YK/11314-YK-1_GAGGAGCTTC-GACGTATACA
11314-YK,11314-YK-1_TCATCTACTA-TAGGCGACTT,P2-3D,TCATCTACTA-TAGGCGACTT,23776012,11314-YK/11314-YK-1_TCATCTACTA-TAGGCGACTT
11314-YK,11314-YK-1_GTAGGCGAGC-TAGGAGCGCA,P2-3E,GTAGGCGAGC-TAGGAGCGCA,7492506,11314-YK/11314-YK-1_GTAGGCGAGC-TAGGAGCGCA
11314-YK,11314-YK-1_AACTTATCCT-GTACTGGCGT,P2-3G,AACTTATCCT-GTACTGGCGT,31337835,11314-YK/11314-YK-1_AACTTATCCT-GTACTGGCGT
11314-YK,11314-YK-1_ATTATGTCTC-AGTTAAGAGC,P2-4A,ATTATGTCTC-AGTTAAGAGC,13359237,11314-YK/11314-YK-1_ATTATGTCTC-AGTTAAGAGC
11314-YK,11314-YK-1_TATAACAGCT-TCGCGTATAA,P2-4D,TATAACAGCT-TCGCGTATAA,15713187,11314-YK/11314-YK-1_TATAACAGCT-TCGCGTATAA
11314-YK,11314-YK-1_CCAATGATAC-GAGTGTGCCG,P2-4E,CCAATGATAC-GAGTGTGCCG,16077897,11314-YK/11314-YK-1_CCAATGATAC-GAGTGTGCCG
11314-YK,11314-YK-1_GAGGCCTATT-CTAGTCCGGA,P2-4G,GAGGCCTATT-CTAGTCCGGA,28449428,11314-YK/11314-YK-1_GAGGCCTATT-CTAGTCCGGA
11314-YK,11314-YK-1_AGCTAAGCGG-ATTAATACGC,P2-4H,AGCTAAGCGG-ATTAATACGC,8362995,11314-YK/11314-YK-1_AGCTAAGCGG-ATTAATACGC
11314-YK,11314-YK-1_CTTCCTAGGA-CCTAGAGTAT,P2-5B,CTTCCTAGGA-CCTAGAGTAT,13859232,11314-YK/11314-YK-1_CTTCCTAGGA-CCTAGAGTAT
11314-YK,11314-YK-1_CGATCTGTGA-TAGGAAGACT,P2-5G,CGATCTGTGA-TAGGAAGACT,11041885,11314-YK/11314-YK-1_CGATCTGTGA-TAGGAAGACT
11314-YK,11314-YK-1_GTGGACAAGT-CCGTGGCCTT,P2-5H,GTGGACAAGT-CCGTGGCCTT,25597485,11314-YK/11314-YK-1_GTGGACAAGT-CCGTGGCCTT
11314-YK,11314-YK-1_AACAAGTACA-GGATATATCC,P2-6A,AACAAGTACA-GGATATATCC,14475831,11314-YK/11314-YK-1_AACAAGTACA-GGATATATCC
11314-YK,11314-YK-1_AGATTAAGTG-CACCTCTTGG,P2-6B,AGATTAAGTG-CACCTCTTGG,16650289,11314-YK/11314-YK-1_AGATTAAGTG-CACCTCTTGG
11314-YK,11314-YK-1_TATCACTCTG-AACGTTACAT,P2-6D,TATCACTCTG-AACGTTACAT,18683219,11314-YK/11314-YK-1_TATCACTCTG-AACGTTACAT
11314-YK,11314-YK-1_AGAATTCGCC-CGGCAAGCTC,P2-6E,AGAATTCGCC-CGGCAAGCTC,17454525,11314-YK/11314-YK-1_AGAATTCGCC-CGGCAAGCTC
11314-YK,11314-YK-1_CCTGACCACT-TCTTGGCTAT,P2-6F,CCTGACCACT-TCTTGGCTAT,15732960,11314-YK/11314-YK-1_CCTGACCACT-TCTTGGCTAT
11314-YK,11314-YK-1_AGCTGGAATG-ACGGAATGCG,P2-6G,AGCTGGAATG-ACGGAATGCG,15236016,11314-YK/11314-YK-1_AGCTGGAATG-ACGGAATGCG
11314-YK,11314-YK-1_CCTTGGCATC-GACCGATTCG,P2-6H,CCTTGGCATC-GACCGATTCG,20949216,11314-YK/11314-YK-1_CCTTGGCATC-GACCGATTCG
11314-YK,11314-YK-1_TATAGGTACT-TAGGTGAGAT,P2-7B,TATAGGTACT-TAGGTGAGAT,9355193,11314-YK/11314-YK-1_TATAGGTACT-TAGGTGAGAT
11314-YK,11314-YK-1_CAAGTCTACA-CACGTACGTG,P2-7C,CAAGTCTACA-CACGTACGTG,34440663,11314-YK/11314-YK-1_CAAGTCTACA-CACGTACGTG
11314-YK,11314-YK-1_GAGAAGAGGA-TTGACCTAAC,P2-7D,GAGAAGAGGA-TTGACCTAAC,18928823,11314-YK/11314-YK-1_GAGAAGAGGA-TTGACCTAAC
11790-YK,11790-YK-1_ATCGTTACGG-GCTCCGGAAG,P2-7E,ATCGTTACGG-GCTCCGGAAG,11046201,11790-YK/11790-YK-1_ATCGTTACGG-GCTCCGGAAG
11790-YK,11790-YK-1_TCCTACGTCA-TACTTAAGTG,P2-7F,TCCTACGTCA-TACTTAAGTG,20586608,11790-YK/11790-YK-1_TCCTACGTCA-TACTTAAGTG
11790-YK,11790-YK-1_GTTATATCGC-AAGACAAGGA,P2-7G,GTTATATCGC-AAGACAAGGA,12348536,11790-YK/11790-YK-1_GTTATATCGC-AAGACAAGGA
11790-YK,11790-YK-1_GTTGGCCATC-TGACATTCGT,P2-7H,GTTGGCCATC-TGACATTCGT,32863851,11790-YK/11790-YK-1_GTTGGCCATC-TGACATTCGT
11790-YK,11790-YK-1_TCCTGGTTGT-CTGACCGGCA,P2-8A,TCCTGGTTGT-CTGACCGGCA,12644675,11790-YK/11790-YK-1_TCCTGGTTGT-CTGACCGGCA
11790-YK,11790-YK-1_TAATTCTGCT-TCTCATCAAT,P2-8B,TAATTCTGCT-TCTCATCAAT,24374148,11790-YK/11790-YK-1_TAATTCTGCT-TCTCATCAAT
11790-YK,11790-YK-1_CGCACGACTG-GGACCAACAG,P2-8C,CGCACGACTG-GGACCAACAG,10838468,11790-YK/11790-YK-1_CGCACGACTG-GGACCAACAG
11790-YK,11790-YK-1_GAGGTTAGAC-AATGTATTGC,P2-8D,GAGGTTAGAC-AATGTATTGC,15994917,11790-YK/11790-YK-1_GAGGTTAGAC-AATGTATTGC
11790-YK,11790-YK-1_AACCGAGTTC-GATCTCTGGA,P2-8E,AACCGAGTTC-GATCTCTGGA,11402612,11790-YK/11790-YK-1_AACCGAGTTC-GATCTCTGGA
11790-YK,11790-YK-1_TAGGTATGTT-CGAGACCAAG,P2-8G,TAGGTATGTT-CGAGACCAAG,12386499,11790-YK/11790-YK-1_TAGGTATGTT-CGAGACCAAG
11790-YK,11790-YK-1_AGTATGCTAC-TTAATAGACC,P2-8H,AGTATGCTAC-TTAATAGACC,7526586,11790-YK/11790-YK-1_AGTATGCTAC-TTAATAGACC
11790-YK,11790-YK-1_GTAACTGAAG-GGAGTCGCGA,P2-9C,GTAACTGAAG-GGAGTCGCGA,20285691,11790-YK/11790-YK-1_GTAACTGAAG-GGAGTCGCGA
11790-YK,11790-YK-1_TCCTCGGACT-AACGCCAGAG,P2-9D,TCCTCGGACT-AACGCCAGAG,18351461,11790-YK/11790-YK-1_TCCTCGGACT-AACGCCAGAG
11790-YK,11790-YK-1_CACCTAGCAC-TGCTGGACAT,P2-9E,CACCTAGCAC-TGCTGGACAT,13874009,11790-YK/11790-YK-1_CACCTAGCAC-TGCTGGACAT
11790-YK,11790-YK-1_GAATATGCGG-ACGAGACTGA,P2-9F,GAATATGCGG-ACGAGACTGA,13242378,11790-YK/11790-YK-1_GAATATGCGG-ACGAGACTGA
11790-YK,11790-YK-1_GATCGGATAA-GTATCGGCCG,P2-9G,GATCGGATAA-GTATCGGCCG,36791299,11790-YK/11790-YK-1_GATCGGATAA-GTATCGGCCG
11790-YK,11790-YK-1_GCTAGACTAT-AATACGACAT,P2-9H,GCTAGACTAT-AATACGACAT,4668989,11790-YK/11790-YK-1_GCTAGACTAT-AATACGACAT
11790-YK,11790-YK-1_AGCTACTATA-GTTATATGGC,P2-10A,AGCTACTATA-GTTATATGGC,15749159,11790-YK/11790-YK-1_AGCTACTATA-GTTATATGGC
11790-YK,11790-YK-1_CCACCGGAGT-GCCTGCCATG,P2-10D,CCACCGGAGT-GCCTGCCATG,12387901,11790-YK/11790-YK-1_CCACCGGAGT-GCCTGCCATG
11790-YK,11790-YK-1_CTTACCGCAC-TAAGACCTAT,P2-10G,CTTACCGCAC-TAAGACCTAT,15911275,11790-YK/11790-YK-1_CTTACCGCAC-TAAGACCTAT
11790-YK,11790-YK-1_TTAGGATATC-TATACCATGG,P2-10H,TTAGGATATC-TATACCATGG,12377209,11790-YK/11790-YK-1_TTAGGATATC-TATACCATGG
11790-YK,11790-YK-1_TTATACGCGA-GCCGTCTGTT,P2-11C,TTATACGCGA-GCCGTCTGTT,12678754,11790-YK/11790-YK-1_TTATACGCGA-GCCGTCTGTT
11790-YK,11790-YK-1_CGCTTAGAAT-CAGAGTGATA,P2-11E,CGCTTAGAAT-CAGAGTGATA,18766329,11790-YK/11790-YK-1_CGCTTAGAAT-CAGAGTGATA
11790-YK,11790-YK-1_CCGAAGCGCT-TGCTAACTAT,P2-11F,CCGAAGCGCT-TGCTAACTAT,21719626,11790-YK/11790-YK-1_CCGAAGCGCT-TGCTAACTAT
11790-YK,11790-YK-1_CACTATCAAC-TCAGTTAATG,P2-11H,CACTATCAAC-TCAGTTAATG,11579631,11790-YK/11790-YK-1_CACTATCAAC-TCAGTTAATG
11790-YK,11790-YK-1_CATCTACGTA-TGTAATTGAG,P3-1A,CATCTACGTA-TGTAATTGAG,8012229,11790-YK/11790-YK-1_CATCTACGTA-TGTAATTGAG
11790-YK,11790-YK-1_TTACAGTTAG-ACATGCATAT,P3-1B,TTACAGTTAG-ACATGCATAT,17864511,11790-YK/11790-YK-1_TTACAGTTAG-ACATGCATAT
11790-YK,11790-YK-1_TTCAAGTATG-GATGGTATCG,P3-1C,TTCAAGTATG-GATGGTATCG,14509974,11790-YK/11790-YK-1_TTCAAGTATG-GATGGTATCG
11790-YK,11790-YK-1_CTAGAGCGCA-GCTTCTAGCA,P3-1D,CTAGAGCGCA-GCTTCTAGCA,19531225,11790-YK/11790-YK-1_CTAGAGCGCA-GCTTCTAGCA
11790-YK,11790-YK-1_TCGATCACGC-CATAGAGCCT,P3-1F,TCGATCACGC-CATAGAGCCT,14102455,11790-YK/11790-YK-1_TCGATCACGC-CATAGAGCCT
11790-YK,11790-YK-1_AACCTGGCTC-TGAGTATGTT,P3-1G,AACCTGGCTC-TGAGTATGTT,17898519,11790-YK/11790-YK-1_AACCTGGCTC-TGAGTATGTT
11790-YK,11790-YK-1_TTATGGAAGT-GACAATAACA,P3-1H,TTATGGAAGT-GACAATAACA,12918636,11790-YK/11790-YK-1_TTATGGAAGT-GACAATAACA
11790-YK,11790-YK-1_TAGTGGAAGC-AGTACCTATA,P3-2A,TAGTGGAAGC-AGTACCTATA,9689794,11790-YK/11790-YK-1_TAGTGGAAGC-AGTACCTATA
11790-YK,11790-YK-1_CGCCATATCT-GACCGGAGAT,P3-2C,CGCCATATCT-GACCGGAGAT,7910136,11790-YK/11790-YK-1_CGCCATATCT-GACCGGAGAT
11790-YK,11790-YK-1_GCAGCCTCAA-TAAGTGCTAG,P3-2D,GCAGCCTCAA-TAAGTGCTAG,16706915,11790-YK/11790-YK-1_GCAGCCTCAA-TAAGTGCTAG
11790-YK,11790-YK-1_ACTAGCGCTA-TTACTTCCTC,P3-2F,ACTAGCGCTA-TTACTTCCTC,19550586,11790-YK/11790-YK-1_ACTAGCGCTA-TTACTTCCTC
11790-YK,11790-YK-1_GCTCTTAACT-CACGTCCACC,P3-2G,GCTCTTAACT-CACGTCCACC,7115979,11790-YK/11790-YK-1_GCTCTTAACT-CACGTCCACC
11790-YK,11790-YK-1_GTGGTATCTG-GCTACTATCT,P3-2H,GTGGTATCTG-GCTACTATCT,11565534,11790-YK/11790-YK-1_GTGGTATCTG-GCTACTATCT
11790-YK,11790-YK-1_TGACGGCCGT-AGTCAACCAT,P3-3A,TGACGGCCGT-AGTCAACCAT,15401939,11790-YK/11790-YK-1_TGACGGCCGT-AGTCAACCAT
11790-YK,11790-YK-1_CAGTAATTAC-CGAGGCGGTA,P3-3B,CAGTAATTAC-CGAGGCGGTA,24623485,11790-YK/11790-YK-1_CAGTAATTAC-CGAGGCGGTA
11790-YK,11790-YK-1_TACAAGACTT-CAGGTGTTCA,P3-3C,TACAAGACTT-CAGGTGTTCA,10071826,11790-YK/11790-YK-1_TACAAGACTT-CAGGTGTTCA
11790-YK,11790-YK-1_CTGTGGTGAC-GACAGACAGG,P3-3D,CTGTGGTGAC-GACAGACAGG,12669250,11790-YK/11790-YK-1_CTGTGGTGAC-GACAGACAGG
11790-YK,11790-YK-1_CTCCACTAAT-TGTACTTGTT,P3-3F,CTCCACTAAT-TGTACTTGTT,16785958,11790-YK/11790-YK-1_CTCCACTAAT-TGTACTTGTT
11790-YK,11790-YK-1_ATAGTTAGCA-CTCTAAGTAG,P3-3G,ATAGTTAGCA-CTCTAAGTAG,18501421,11790-YK/11790-YK-1_ATAGTTAGCA-CTCTAAGTAG
11790-YK,11790-YK-1_ATAGGTCTTA-GTCACCACAG,P3-3H,ATAGGTCTTA-GTCACCACAG,19046650,11790-YK/11790-YK-1_ATAGGTCTTA-GTCACCACAG
11790-YK,11790-YK-1_TTCTTAACCA-TCTACATACC,P3-4A,TTCTTAACCA-TCTACATACC,20752336,11790-YK/11790-YK-1_TTCTTAACCA-TCTACATACC
11790-YK,11790-YK-1_AAGGAAGAGT-CACGTTAGGC,P3-4D,AAGGAAGAGT-CACGTTAGGC,32104581,11790-YK/11790-YK-1_AAGGAAGAGT-CACGTTAGGC
11790-YK,11790-YK-1_GGAAGGAGAC-TGGTGAGTCT,P3-4E,GGAAGGAGAC-TGGTGAGTCT,13283612,11790-YK/11790-YK-1_GGAAGGAGAC-TGGTGAGTCT
11790-YK,11790-YK-1_TGAACGCGGA-CTTCGAAGGA,P3-4F,TGAACGCGGA-CTTCGAAGGA,23361929,11790-YK/11790-YK-1_TGAACGCGGA-CTTCGAAGGA
11790-YK,11790-YK-1_AAGAGAGTCT-TACGAATCTT,P3-4G,AAGAGAGTCT-TACGAATCTT,29786322,11790-YK/11790-YK-1_AAGAGAGTCT-TACGAATCTT
11790-YK,11790-YK-1_TTCATGGTTC-GACATTGTCA,P3-4H,TTCATGGTTC-GACATTGTCA,21979904,11790-YK/11790-YK-1_TTCATGGTTC-GACATTGTCA
11790-YK,11790-YK-1_CTCTCGGCTA-TACCAGATCT,P3-5A,CTCTCGGCTA-TACCAGATCT,18017441,11790-YK/11790-YK-1_CTCTCGGCTA-TACCAGATCT
11790-YK,11790-YK-1_CACTAGACCA-ACTGCCTTAT,P3-5B,CACTAGACCA-ACTGCCTTAT,16434127,11790-YK/11790-YK-1_CACTAGACCA-ACTGCCTTAT
11790-YK,11790-YK-1_ATTATCCACT-TACGCACGTA,P3-5C,ATTATCCACT-TACGCACGTA,26737041,11790-YK/11790-YK-1_ATTATCCACT-TACGCACGTA
11790-YK,11790-YK-1_ATGGCGTGCC-CGCTTGAAGT,P3-5D,ATGGCGTGCC-CGCTTGAAGT,20217445,11790-YK/11790-YK-1_ATGGCGTGCC-CGCTTGAAGT
11790-YK,11790-YK-1_TCCAGAGATC-CTGCACTTCA,P3-5E,TCCAGAGATC-CTGCACTTCA,16274778,11790-YK/11790-YK-1_TCCAGAGATC-CTGCACTTCA
11790-YK,11790-YK-1_ATGTCCAGCA-CAGCGGACAA,P3-5F,ATGTCCAGCA-CAGCGGACAA,25622745,11790-YK/11790-YK-1_ATGTCCAGCA-CAGCGGACAA
11790-YK,11790-YK-1_CAACGTTCGG-GGATCCGCAT,P3-5G,CAACGTTCGG-GGATCCGCAT,23630614,11790-YK/11790-YK-1_CAACGTTCGG-GGATCCGCAT
11790-YK,11790-YK-1_GCGTATTAAT-TGCGGTGTTG,P3-6A,GCGTATTAAT-TGCGGTGTTG,16967179,11790-YK/11790-YK-1_GCGTATTAAT-TGCGGTGTTG
11790-YK,11790-YK-1_CCGAATCTGG-ATGAATCAAG,P3-6B,CCGAATCTGG-ATGAATCAAG,15837721,11790-YK/11790-YK-1_CCGAATCTGG-ATGAATCAAG
11790-YK,11790-YK-1_TCTCAATACC-GACGTTCGCG,P3-6C,TCTCAATACC-GACGTTCGCG,20490699,11790-YK/11790-YK-1_TCTCAATACC-GACGTTCGCG
11790-YK,11790-YK-1_AAGCATCTTG-CATTCAACAA,P3-6D,AAGCATCTTG-CATTCAACAA,19422462,11790-YK/11790-YK-1_AAGCATCTTG-CATTCAACAA
11790-YK,11790-YK-1_TCAGTCTCGT-CACGGATTAT,P3-6E,TCAGTCTCGT-CACGGATTAT,18151268,11790-YK/11790-YK-1_TCAGTCTCGT-CACGGATTAT
11790-YK,11790-YK-1_GTATAGAACA-TGTCACAGGA,P3-6F,GTATAGAACA-TGTCACAGGA,24089248,11790-YK/11790-YK-1_GTATAGAACA-TGTCACAGGA
11790-YK,11790-YK-1_GTAACAATCT-CTCTGTATAC,P3-6G,GTAACAATCT-CTCTGTATAC,35592174,11790-YK/11790-YK-1_GTAACAATCT-CTCTGTATAC
11790-YK,11790-YK-1_CCATGGTATA-TCTCGCGGAG,P3-6H,CCATGGTATA-TCTCGCGGAG,45384471,11790-YK/11790-YK-1_CCATGGTATA-TCTCGCGGAG
11790-YK,11790-YK-1_TCATACCGTT-GGTAACGCAG,P3-7A,TCATACCGTT-GGTAACGCAG,16590485,11790-YK/11790-YK-1_TCATACCGTT-GGTAACGCAG
11790-YK,11790-YK-1_GGCGCCATTG-ACCGCGCAAT,P3-7B,GGCGCCATTG-ACCGCGCAAT,15513131,11790-YK/11790-YK-1_GGCGCCATTG-ACCGCGCAAT
11790-YK,11790-YK-1_AGCGAATTAG-AGCCGGAACA,P3-7C,AGCGAATTAG-AGCCGGAACA,15888058,11790-YK/11790-YK-1_AGCGAATTAG-AGCCGGAACA
11790-YK,11790-YK-1_TTAGACCATG-TCCTAGGAAG,P3-7F,TTAGACCATG-TCCTAGGAAG,16921097,11790-YK/11790-YK-1_TTAGACCATG-TCCTAGGAAG
11790-YK,11790-YK-1_CACACAGTAT-TTGAGCCTAA,P3-7G,CACACAGTAT-TTGAGCCTAA,16937080,11790-YK/11790-YK-1_CACACAGTAT-TTGAGCCTAA
11790-YK,11790-YK-1_TCTTGTCGGC-CCACCTGTGT,P3-7H,TCTTGTCGGC-CCACCTGTGT,10774950,11790-YK/11790-YK-1_TCTTGTCGGC-CCACCTGTGT
11790-YK,11790-YK-1_CTAACCGAGA-TCGATGCGCG,P3-8A,CTAACCGAGA-TCGATGCGCG,15812088,11790-YK/11790-YK-1_CTAACCGAGA-TCGATGCGCG
11790-YK,11790-YK-1_AGTGTCTAGG-CCTAGAAGCA,P3-8B,AGTGTCTAGG-CCTAGAAGCA,28883837,11790-YK/11790-YK-1_AGTGTCTAGG-CCTAGAAGCA
11790-YK,11790-YK-1_GAGGAGCTTC-GACGTATACA,P3-8C,GAGGAGCTTC-GACGTATACA,18166496,11790-YK/11790-YK-1_GAGGAGCTTC-GACGTATACA
11790-YK,11790-YK-1_TCATCTACTA-TAGGCGACTT,P3-8D,TCATCTACTA-TAGGCGACTT,19655065,11790-YK/11790-YK-1_TCATCTACTA-TAGGCGACTT
11790-YK,11790-YK-1_GTAGGCGAGC-TAGGAGCGCA,P3-8E,GTAGGCGAGC-TAGGAGCGCA,9511854,11790-YK/11790-YK-1_GTAGGCGAGC-TAGGAGCGCA
11790-YK,11790-YK-1_AACTTATCCT-GTACTGGCGT,P3-8F,AACTTATCCT-GTACTGGCGT,15515322,11790-YK/11790-YK-1_AACTTATCCT-GTACTGGCGT
11790-YK,11790-YK-1_ATTATGTCTC-AGTTAAGAGC,P3-8H,ATTATGTCTC-AGTTAAGAGC,18979855,11790-YK/11790-YK-1_ATTATGTCTC-AGTTAAGAGC
