strain,path,R1_path,R2_path,title
CNTRL-1A,11790-YK/11790-YK-1_AATATTGCCA-CGGTGACACC,11790-YK-1_AATATTGCCA-CGGTGACACC_S351_R1_001.fastq.gz,11790-YK-1_AATATTGCCA-CGGTGACACC_S351_R2_001.fastq.gz,Loss of Heterozygosity Library of Saccharomyces cerevisiae BY4741 x SK1 control strain: CNTRL-1A
CNTRL-1B,11790-YK/11790-YK-1_TCGTGCATTC-GCGTTGGTAT,11790-YK-1_TCGTGCATTC-GCGTTGGTAT_S352_R1_001.fastq.gz,11790-YK-1_TCGTGCATTC-GCGTTGGTAT_S352_R2_001.fastq.gz,Loss of Heterozygosity Library of Saccharomyces cerevisiae BY4741 x SK1 control strain: CNTRL-1B
CNTRL-1C,11790-YK/11790-YK-1_AAGATACACG-TGTGCTAACA,11790-YK-1_AAGATACACG-TGTGCTAACA_S353_R1_001.fastq.gz,11790-YK-1_AAGATACACG-TGTGCTAACA_S353_R2_001.fastq.gz,Loss of Heterozygosity Library of Saccharomyces cerevisiae BY4741 x SK1 control strain: CNTRL-1C
CNTRL-1D,11790-YK/11790-YK-1_TGCAATGAAT-CCAGAAGTAA,11790-YK-1_TGCAATGAAT-CCAGAAGTAA_S354_R1_001.fastq.gz,11790-YK-1_TGCAATGAAT-CCAGAAGTAA_S354_R2_001.fastq.gz,Loss of Heterozygosity Library of Saccharomyces cerevisiae BY4741 x SK1 control strain: CNTRL-1D
CNTRL-1E,11790-YK/11790-YK-1_CTATGAAGGA-CTTATACCTG,11790-YK-1_CTATGAAGGA-CTTATACCTG_S355_R1_001.fastq.gz,11790-YK-1_CTATGAAGGA-CTTATACCTG_S355_R2_001.fastq.gz,Loss of Heterozygosity Library of Saccharomyces cerevisiae BY4741 x SK1 control strain: CNTRL-1E
CNTRL-1F,11790-YK/11790-YK-1_GAAGACTAGA-ACTAGAACTT,11790-YK-1_GAAGACTAGA-ACTAGAACTT_S356_R1_001.fastq.gz,11790-YK-1_GAAGACTAGA-ACTAGAACTT_S356_R2_001.fastq.gz,Loss of Heterozygosity Library of Saccharomyces cerevisiae BY4741 x SK1 control strain: CNTRL-1F
CNTRL-1G,11790-YK/11790-YK-1_CCAGGTTATC-GAATGCAGTT,11790-YK-1_CCAGGTTATC-GAATGCAGTT_S357_R1_001.fastq.gz,11790-YK-1_CCAGGTTATC-GAATGCAGTT_S357_R2_001.fastq.gz,Loss of Heterozygosity Library of Saccharomyces cerevisiae BY4741 x SK1 control strain: CNTRL-1G
CNTRL-1H,11790-YK/11790-YK-1_TTCACTCACT-TATCATGAGA,11790-YK-1_TTCACTCACT-TATCATGAGA_S358_R1_001.fastq.gz,11790-YK-1_TTCACTCACT-TATCATGAGA_S358_R2_001.fastq.gz,Loss of Heterozygosity Library of Saccharomyces cerevisiae BY4741 x SK1 control strain: CNTRL-1H
NFS-1E,11790-YK/11790-YK-1_TATAACAGCT-TCGCGTATAA,11790-YK-1_TATAACAGCT-TCGCGTATAA_S331_R1_001.fastq.gz,11790-YK-1_TATAACAGCT-TCGCGTATAA_S331_R2_001.fastq.gz,Loss of Heterozygosity Library of Saccharomyces cerevisiae BY4741 x SK1 induced strain: NFS-1E
NFS-1F,11790-YK/11790-YK-1_CCAATGATAC-GAGTGTGCCG,11790-YK-1_CCAATGATAC-GAGTGTGCCG_S332_R1_001.fastq.gz,11790-YK-1_CCAATGATAC-GAGTGTGCCG_S332_R2_001.fastq.gz,Loss of Heterozygosity Library of Saccharomyces cerevisiae BY4741 x SK1 induced strain: NFS-1F
NFS-1H,11790-YK/11790-YK-1_GAGGCCTATT-CTAGTCCGGA,11790-YK-1_GAGGCCTATT-CTAGTCCGGA_S333_R1_001.fastq.gz,11790-YK-1_GAGGCCTATT-CTAGTCCGGA_S333_R2_001.fastq.gz,Loss of Heterozygosity Library of Saccharomyces cerevisiae BY4741 x SK1 induced strain: NFS-1H
NFS-2A,11790-YK/11790-YK-1_AGCTAAGCGG-ATTAATACGC,11790-YK-1_AGCTAAGCGG-ATTAATACGC_S334_R1_001.fastq.gz,11790-YK-1_AGCTAAGCGG-ATTAATACGC_S334_R2_001.fastq.gz,Loss of Heterozygosity Library of Saccharomyces cerevisiae BY4741 x SK1 induced strain: NFS-2A
NFS-2B,11790-YK/11790-YK-1_CTTCCTAGGA-CCTAGAGTAT,11790-YK-1_CTTCCTAGGA-CCTAGAGTAT_S335_R1_001.fastq.gz,11790-YK-1_CTTCCTAGGA-CCTAGAGTAT_S335_R2_001.fastq.gz,Loss of Heterozygosity Library of Saccharomyces cerevisiae BY4741 x SK1 induced strain: NFS-2B
NFS-2D,11790-YK/11790-YK-1_CGATCTGTGA-TAGGAAGACT,11790-YK-1_CGATCTGTGA-TAGGAAGACT_S336_R1_001.fastq.gz,11790-YK-1_CGATCTGTGA-TAGGAAGACT_S336_R2_001.fastq.gz,Loss of Heterozygosity Library of Saccharomyces cerevisiae BY4741 x SK1 induced strain: NFS-2D
NFS-2E,11790-YK/11790-YK-1_GTGGACAAGT-CCGTGGCCTT,11790-YK-1_GTGGACAAGT-CCGTGGCCTT_S337_R1_001.fastq.gz,11790-YK-1_GTGGACAAGT-CCGTGGCCTT_S337_R2_001.fastq.gz,Loss of Heterozygosity Library of Saccharomyces cerevisiae BY4741 x SK1 induced strain: NFS-2E
NFS-2F,11790-YK/11790-YK-1_AACAAGTACA-GGATATATCC,11790-YK-1_AACAAGTACA-GGATATATCC_S338_R1_001.fastq.gz,11790-YK-1_AACAAGTACA-GGATATATCC_S338_R2_001.fastq.gz,Loss of Heterozygosity Library of Saccharomyces cerevisiae BY4741 x SK1 induced strain: NFS-2F
NFS-3G,11790-YK/11790-YK-1_AGATTAAGTG-CACCTCTTGG,11790-YK-1_AGATTAAGTG-CACCTCTTGG_S339_R1_001.fastq.gz,11790-YK-1_AGATTAAGTG-CACCTCTTGG_S339_R2_001.fastq.gz,Loss of Heterozygosity Library of Saccharomyces cerevisiae BY4741 x SK1 induced strain: NFS-3G
NFS-4B,11790-YK/11790-YK-1_TATCACTCTG-AACGTTACAT,11790-YK-1_TATCACTCTG-AACGTTACAT_S340_R1_001.fastq.gz,11790-YK-1_TATCACTCTG-AACGTTACAT_S340_R2_001.fastq.gz,Loss of Heterozygosity Library of Saccharomyces cerevisiae BY4741 x SK1 induced strain: NFS-4B
NFS-4E,11790-YK/11790-YK-1_AGAATTCGCC-CGGCAAGCTC,11790-YK-1_AGAATTCGCC-CGGCAAGCTC_S341_R1_001.fastq.gz,11790-YK-1_AGAATTCGCC-CGGCAAGCTC_S341_R2_001.fastq.gz,Loss of Heterozygosity Library of Saccharomyces cerevisiae BY4741 x SK1 induced strain: NFS-4E
NFS-5B,11790-YK/11790-YK-1_CCTGACCACT-TCTTGGCTAT,11790-YK-1_CCTGACCACT-TCTTGGCTAT_S342_R1_001.fastq.gz,11790-YK-1_CCTGACCACT-TCTTGGCTAT_S342_R2_001.fastq.gz,Loss of Heterozygosity Library of Saccharomyces cerevisiae BY4741 x SK1 induced strain: NFS-5B
NFS-5D,11790-YK/11790-YK-1_AGCTGGAATG-ACGGAATGCG,11790-YK-1_AGCTGGAATG-ACGGAATGCG_S343_R1_001.fastq.gz,11790-YK-1_AGCTGGAATG-ACGGAATGCG_S343_R2_001.fastq.gz,Loss of Heterozygosity Library of Saccharomyces cerevisiae BY4741 x SK1 induced strain: NFS-5D
NFS-5G,11790-YK/11790-YK-1_CCTTGGCATC-GACCGATTCG,11790-YK-1_CCTTGGCATC-GACCGATTCG_S344_R1_001.fastq.gz,11790-YK-1_CCTTGGCATC-GACCGATTCG_S344_R2_001.fastq.gz,Loss of Heterozygosity Library of Saccharomyces cerevisiae BY4741 x SK1 induced strain: NFS-5G
NFS-6C,11790-YK/11790-YK-1_TATAGGTACT-TAGGTGAGAT,11790-YK-1_TATAGGTACT-TAGGTGAGAT_S345_R1_001.fastq.gz,11790-YK-1_TATAGGTACT-TAGGTGAGAT_S345_R2_001.fastq.gz,Loss of Heterozygosity Library of Saccharomyces cerevisiae BY4741 x SK1 induced strain: NFS-6C
NFS-7A,11790-YK/11790-YK-1_CAAGTCTACA-CACGTACGTG,11790-YK-1_CAAGTCTACA-CACGTACGTG_S346_R1_001.fastq.gz,11790-YK-1_CAAGTCTACA-CACGTACGTG_S346_R2_001.fastq.gz,Loss of Heterozygosity Library of Saccharomyces cerevisiae BY4741 x SK1 induced strain: NFS-7A
NFS-7C,11790-YK/11790-YK-1_GAGAAGAGGA-TTGACCTAAC,11790-YK-1_GAGAAGAGGA-TTGACCTAAC_S347_R1_001.fastq.gz,11790-YK-1_GAGAAGAGGA-TTGACCTAAC_S347_R2_001.fastq.gz,Loss of Heterozygosity Library of Saccharomyces cerevisiae BY4741 x SK1 induced strain: NFS-7C
NFS-7E,11790-YK/11790-YK-1_AGATAGTAGC-GGCACGCCAT,11790-YK-1_AGATAGTAGC-GGCACGCCAT_S348_R1_001.fastq.gz,11790-YK-1_AGATAGTAGC-GGCACGCCAT_S348_R2_001.fastq.gz,Loss of Heterozygosity Library of Saccharomyces cerevisiae BY4741 x SK1 induced strain: NFS-7E
NFS-7H,11790-YK/11790-YK-1_ATTAGAAGAC-GCAGGCTGGA,11790-YK-1_ATTAGAAGAC-GCAGGCTGGA_S349_R1_001.fastq.gz,11790-YK-1_ATTAGAAGAC-GCAGGCTGGA_S349_R2_001.fastq.gz,Loss of Heterozygosity Library of Saccharomyces cerevisiae BY4741 x SK1 induced strain: NFS-7H
NFS-8C,11790-YK/11790-YK-1_GCTCGCACAT-ATGGCTTAAT,11790-YK-1_GCTCGCACAT-ATGGCTTAAT_S350_R1_001.fastq.gz,11790-YK-1_GCTCGCACAT-ATGGCTTAAT_S350_R2_001.fastq.gz,Loss of Heterozygosity Library of Saccharomyces cerevisiae BY4741 x SK1 induced strain: NFS-8C
P1-1A,11314-YK/11314-YK-1_ATCGTTACGG-GCTCCGGAAG,11314-YK-1_ATCGTTACGG-GCTCCGGAAG_S62_R1_001.fastq.gz,11314-YK-1_ATCGTTACGG-GCTCCGGAAG_S62_R2_001.fastq.gz,Loss of Heterozygosity Library of Saccharomyces cerevisiae BY4741 x SK1 induced strain: P1-1A
P1-1D,11314-YK/11314-YK-1_TCCTACGTCA-TACTTAAGTG,11314-YK-1_TCCTACGTCA-TACTTAAGTG_S63_R1_001.fastq.gz,11314-YK-1_TCCTACGTCA-TACTTAAGTG_S63_R2_001.fastq.gz,Loss of Heterozygosity Library of Saccharomyces cerevisiae BY4741 x SK1 induced strain: P1-1D
P1-1E,11314-YK/11314-YK-1_GTTATATCGC-AAGACAAGGA,11314-YK-1_GTTATATCGC-AAGACAAGGA_S64_R1_001.fastq.gz,11314-YK-1_GTTATATCGC-AAGACAAGGA_S64_R2_001.fastq.gz,Loss of Heterozygosity Library of Saccharomyces cerevisiae BY4741 x SK1 induced strain: P1-1E
P1-1F,11314-YK/11314-YK-1_GTTGGCCATC-TGACATTCGT,11314-YK-1_GTTGGCCATC-TGACATTCGT_S65_R1_001.fastq.gz,11314-YK-1_GTTGGCCATC-TGACATTCGT_S65_R2_001.fastq.gz,Loss of Heterozygosity Library of Saccharomyces cerevisiae BY4741 x SK1 induced strain: P1-1F
P1-1G,11314-YK/11314-YK-1_TCCTGGTTGT-CTGACCGGCA,11314-YK-1_TCCTGGTTGT-CTGACCGGCA_S66_R1_001.fastq.gz,11314-YK-1_TCCTGGTTGT-CTGACCGGCA_S66_R2_001.fastq.gz,Loss of Heterozygosity Library of Saccharomyces cerevisiae BY4741 x SK1 induced strain: P1-1G
P1-1H,11314-YK/11314-YK-1_TAATTCTGCT-TCTCATCAAT,11314-YK-1_TAATTCTGCT-TCTCATCAAT_S67_R1_001.fastq.gz,11314-YK-1_TAATTCTGCT-TCTCATCAAT_S67_R2_001.fastq.gz,Loss of Heterozygosity Library of Saccharomyces cerevisiae BY4741 x SK1 induced strain: P1-1H
P1-2D,11314-YK/11314-YK-1_CGCACGACTG-GGACCAACAG,11314-YK-1_CGCACGACTG-GGACCAACAG_S68_R1_001.fastq.gz,11314-YK-1_CGCACGACTG-GGACCAACAG_S68_R2_001.fastq.gz,Loss of Heterozygosity Library of Saccharomyces cerevisiae BY4741 x SK1 induced strain: P1-2D
P1-2F,11314-YK/11314-YK-1_GAGGTTAGAC-AATGTATTGC,11314-YK-1_GAGGTTAGAC-AATGTATTGC_S69_R1_001.fastq.gz,11314-YK-1_GAGGTTAGAC-AATGTATTGC_S69_R2_001.fastq.gz,Loss of Heterozygosity Library of Saccharomyces cerevisiae BY4741 x SK1 induced strain: P1-2F
P1-2H,11314-YK/11314-YK-1_AACCGAGTTC-GATCTCTGGA,11314-YK-1_AACCGAGTTC-GATCTCTGGA_S70_R1_001.fastq.gz,11314-YK-1_AACCGAGTTC-GATCTCTGGA_S70_R2_001.fastq.gz,Loss of Heterozygosity Library of Saccharomyces cerevisiae BY4741 x SK1 induced strain: P1-2H
P1-3A,11314-YK/11314-YK-1_TGTGATAACT-CAGGCGCCAT,11314-YK-1_TGTGATAACT-CAGGCGCCAT_S71_R1_001.fastq.gz,11314-YK-1_TGTGATAACT-CAGGCGCCAT_S71_R2_001.fastq.gz,Loss of Heterozygosity Library of Saccharomyces cerevisiae BY4741 x SK1 induced strain: P1-3A
P1-3B,11314-YK/11314-YK-1_AGTATGCTAC-TTAATAGACC,11314-YK-1_AGTATGCTAC-TTAATAGACC_S72_R1_001.fastq.gz,11314-YK-1_AGTATGCTAC-TTAATAGACC_S72_R2_001.fastq.gz,Loss of Heterozygosity Library of Saccharomyces cerevisiae BY4741 x SK1 induced strain: P1-3B
P1-3C,11314-YK/11314-YK-1_GTAACTGAAG-GGAGTCGCGA,11314-YK-1_GTAACTGAAG-GGAGTCGCGA_S73_R1_001.fastq.gz,11314-YK-1_GTAACTGAAG-GGAGTCGCGA_S73_R2_001.fastq.gz,Loss of Heterozygosity Library of Saccharomyces cerevisiae BY4741 x SK1 induced strain: P1-3C
P1-3D,11314-YK/11314-YK-1_TCCTCGGACT-AACGCCAGAG,11314-YK-1_TCCTCGGACT-AACGCCAGAG_S74_R1_001.fastq.gz,11314-YK-1_TCCTCGGACT-AACGCCAGAG_S74_R2_001.fastq.gz,Loss of Heterozygosity Library of Saccharomyces cerevisiae BY4741 x SK1 induced strain: P1-3D
P1-3F,11314-YK/11314-YK-1_CTGGAACTGT-CGTAATTAAC,11314-YK-1_CTGGAACTGT-CGTAATTAAC_S75_R1_001.fastq.gz,11314-YK-1_CTGGAACTGT-CGTAATTAAC_S75_R2_001.fastq.gz,Loss of Heterozygosity Library of Saccharomyces cerevisiae BY4741 x SK1 induced strain: P1-3F
P1-3H,11314-YK/11314-YK-1_GAATATGCGG-ACGAGACTGA,11314-YK-1_GAATATGCGG-ACGAGACTGA_S76_R1_001.fastq.gz,11314-YK-1_GAATATGCGG-ACGAGACTGA_S76_R2_001.fastq.gz,Loss of Heterozygosity Library of Saccharomyces cerevisiae BY4741 x SK1 induced strain: P1-3H
P1-4A,11314-YK/11314-YK-1_GATCGGATAA-GTATCGGCCG,11314-YK-1_GATCGGATAA-GTATCGGCCG_S77_R1_001.fastq.gz,11314-YK-1_GATCGGATAA-GTATCGGCCG_S77_R2_001.fastq.gz,Loss of Heterozygosity Library of Saccharomyces cerevisiae BY4741 x SK1 induced strain: P1-4A
P1-4B,11314-YK/11314-YK-1_GCTAGACTAT-AATACGACAT,11314-YK-1_GCTAGACTAT-AATACGACAT_S78_R1_001.fastq.gz,11314-YK-1_GCTAGACTAT-AATACGACAT_S78_R2_001.fastq.gz,Loss of Heterozygosity Library of Saccharomyces cerevisiae BY4741 x SK1 induced strain: P1-4B
P1-4C,11314-YK/11314-YK-1_AGCTACTATA-GTTATATGGC,11314-YK-1_AGCTACTATA-GTTATATGGC_S79_R1_001.fastq.gz,11314-YK-1_AGCTACTATA-GTTATATGGC_S79_R2_001.fastq.gz,Loss of Heterozygosity Library of Saccharomyces cerevisiae BY4741 x SK1 induced strain: P1-4C
P1-4D,11314-YK/11314-YK-1_CCACCGGAGT-GCCTGCCATG,11314-YK-1_CCACCGGAGT-GCCTGCCATG_S80_R1_001.fastq.gz,11314-YK-1_CCACCGGAGT-GCCTGCCATG_S80_R2_001.fastq.gz,Loss of Heterozygosity Library of Saccharomyces cerevisiae BY4741 x SK1 induced strain: P1-4D
P1-4F,11314-YK/11314-YK-1_CTTACCGCAC-TAAGACCTAT,11314-YK-1_CTTACCGCAC-TAAGACCTAT_S81_R1_001.fastq.gz,11314-YK-1_CTTACCGCAC-TAAGACCTAT_S81_R2_001.fastq.gz,Loss of Heterozygosity Library of Saccharomyces cerevisiae BY4741 x SK1 induced strain: P1-4F
P1-4G,11314-YK/11314-YK-1_TTAGGATATC-TATACCATGG,11314-YK-1_TTAGGATATC-TATACCATGG_S82_R1_001.fastq.gz,11314-YK-1_TTAGGATATC-TATACCATGG_S82_R2_001.fastq.gz,Loss of Heterozygosity Library of Saccharomyces cerevisiae BY4741 x SK1 induced strain: P1-4G
P1-4H,11314-YK/11314-YK-1_TTATACGCGA-GCCGTCTGTT,11314-YK-1_TTATACGCGA-GCCGTCTGTT_S83_R1_001.fastq.gz,11314-YK-1_TTATACGCGA-GCCGTCTGTT_S83_R2_001.fastq.gz,Loss of Heterozygosity Library of Saccharomyces cerevisiae BY4741 x SK1 induced strain: P1-4H
P1-5A,11314-YK/11314-YK-1_CGCTTAGAAT-CAGAGTGATA,11314-YK-1_CGCTTAGAAT-CAGAGTGATA_S84_R1_001.fastq.gz,11314-YK-1_CGCTTAGAAT-CAGAGTGATA_S84_R2_001.fastq.gz,Loss of Heterozygosity Library of Saccharomyces cerevisiae BY4741 x SK1 induced strain: P1-5A
P1-5B,11314-YK/11314-YK-1_CCGAAGCGCT-TGCTAACTAT,11314-YK-1_CCGAAGCGCT-TGCTAACTAT_S85_R1_001.fastq.gz,11314-YK-1_CCGAAGCGCT-TGCTAACTAT_S85_R2_001.fastq.gz,Loss of Heterozygosity Library of Saccharomyces cerevisiae BY4741 x SK1 induced strain: P1-5B
P1-5C,11314-YK/11314-YK-1_CACTATCAAC-TCAGTTAATG,11314-YK-1_CACTATCAAC-TCAGTTAATG_S86_R1_001.fastq.gz,11314-YK-1_CACTATCAAC-TCAGTTAATG_S86_R2_001.fastq.gz,Loss of Heterozygosity Library of Saccharomyces cerevisiae BY4741 x SK1 induced strain: P1-5C
P1-5D,11314-YK/11314-YK-1_CATCTACGTA-TGTAATTGAG,11314-YK-1_CATCTACGTA-TGTAATTGAG_S87_R1_001.fastq.gz,11314-YK-1_CATCTACGTA-TGTAATTGAG_S87_R2_001.fastq.gz,Loss of Heterozygosity Library of Saccharomyces cerevisiae BY4741 x SK1 induced strain: P1-5D
P1-5G,11314-YK/11314-YK-1_TTACAGTTAG-ACATGCATAT,11314-YK-1_TTACAGTTAG-ACATGCATAT_S88_R1_001.fastq.gz,11314-YK-1_TTACAGTTAG-ACATGCATAT_S88_R2_001.fastq.gz,Loss of Heterozygosity Library of Saccharomyces cerevisiae BY4741 x SK1 induced strain: P1-5G
P1-5H,11314-YK/11314-YK-1_CTAAGTACGC-AACATACCTA,11314-YK-1_CTAAGTACGC-AACATACCTA_S89_R1_001.fastq.gz,11314-YK-1_CTAAGTACGC-AACATACCTA_S89_R2_001.fastq.gz,Loss of Heterozygosity Library of Saccharomyces cerevisiae BY4741 x SK1 induced strain: P1-5H
P1-6A,11314-YK/11314-YK-1_CTAGAGCGCA-GCTTCTAGCA,11314-YK-1_CTAGAGCGCA-GCTTCTAGCA_S90_R1_001.fastq.gz,11314-YK-1_CTAGAGCGCA-GCTTCTAGCA_S90_R2_001.fastq.gz,Loss of Heterozygosity Library of Saccharomyces cerevisiae BY4741 x SK1 induced strain: P1-6A
P1-6C,11314-YK/11314-YK-1_TCGATCACGC-CATAGAGCCT,11314-YK-1_TCGATCACGC-CATAGAGCCT_S91_R1_001.fastq.gz,11314-YK-1_TCGATCACGC-CATAGAGCCT_S91_R2_001.fastq.gz,Loss of Heterozygosity Library of Saccharomyces cerevisiae BY4741 x SK1 induced strain: P1-6C
P1-6D,11314-YK/11314-YK-1_AACCTGGCTC-TGAGTATGTT,11314-YK-1_AACCTGGCTC-TGAGTATGTT_S92_R1_001.fastq.gz,11314-YK-1_AACCTGGCTC-TGAGTATGTT_S92_R2_001.fastq.gz,Loss of Heterozygosity Library of Saccharomyces cerevisiae BY4741 x SK1 induced strain: P1-6D
P1-6F,11314-YK/11314-YK-1_TTATGGAAGT-GACAATAACA,11314-YK-1_TTATGGAAGT-GACAATAACA_S93_R1_001.fastq.gz,11314-YK-1_TTATGGAAGT-GACAATAACA_S93_R2_001.fastq.gz,Loss of Heterozygosity Library of Saccharomyces cerevisiae BY4741 x SK1 induced strain: P1-6F
P1-6G,11314-YK/11314-YK-1_TAGTGGAAGC-AGTACCTATA,11314-YK-1_TAGTGGAAGC-AGTACCTATA_S94_R1_001.fastq.gz,11314-YK-1_TAGTGGAAGC-AGTACCTATA_S94_R2_001.fastq.gz,Loss of Heterozygosity Library of Saccharomyces cerevisiae BY4741 x SK1 induced strain: P1-6G
P1-6H,11314-YK/11314-YK-1_CGCCATATCT-GACCGGAGAT,11314-YK-1_CGCCATATCT-GACCGGAGAT_S95_R1_001.fastq.gz,11314-YK-1_CGCCATATCT-GACCGGAGAT_S95_R2_001.fastq.gz,Loss of Heterozygosity Library of Saccharomyces cerevisiae BY4741 x SK1 induced strain: P1-6H
P1-7A,11314-YK/11314-YK-1_GCAGCCTCAA-TAAGTGCTAG,11314-YK-1_GCAGCCTCAA-TAAGTGCTAG_S96_R1_001.fastq.gz,11314-YK-1_GCAGCCTCAA-TAAGTGCTAG_S96_R2_001.fastq.gz,Loss of Heterozygosity Library of Saccharomyces cerevisiae BY4741 x SK1 induced strain: P1-7A
P1-7B,11314-YK/11314-YK-1_ACTAGCGCTA-TTACTTCCTC,11314-YK-1_ACTAGCGCTA-TTACTTCCTC_S97_R1_001.fastq.gz,11314-YK-1_ACTAGCGCTA-TTACTTCCTC_S97_R2_001.fastq.gz,Loss of Heterozygosity Library of Saccharomyces cerevisiae BY4741 x SK1 induced strain: P1-7B
P1-7C,11314-YK/11314-YK-1_GCTCTTAACT-CACGTCCACC,11314-YK-1_GCTCTTAACT-CACGTCCACC_S98_R1_001.fastq.gz,11314-YK-1_GCTCTTAACT-CACGTCCACC_S98_R2_001.fastq.gz,Loss of Heterozygosity Library of Saccharomyces cerevisiae BY4741 x SK1 induced strain: P1-7C
P1-7D,11314-YK/11314-YK-1_GTGGTATCTG-GCTACTATCT,11314-YK-1_GTGGTATCTG-GCTACTATCT_S99_R1_001.fastq.gz,11314-YK-1_GTGGTATCTG-GCTACTATCT_S99_R2_001.fastq.gz,Loss of Heterozygosity Library of Saccharomyces cerevisiae BY4741 x SK1 induced strain: P1-7D
P1-7E,11314-YK/11314-YK-1_TGACGGCCGT-AGTCAACCAT,11314-YK-1_TGACGGCCGT-AGTCAACCAT_S100_R1_001.fastq.gz,11314-YK-1_TGACGGCCGT-AGTCAACCAT_S100_R2_001.fastq.gz,Loss of Heterozygosity Library of Saccharomyces cerevisiae BY4741 x SK1 induced strain: P1-7E
P1-7F,11314-YK/11314-YK-1_CAGTAATTAC-CGAGGCGGTA,11314-YK-1_CAGTAATTAC-CGAGGCGGTA_S101_R1_001.fastq.gz,11314-YK-1_CAGTAATTAC-CGAGGCGGTA_S101_R2_001.fastq.gz,Loss of Heterozygosity Library of Saccharomyces cerevisiae BY4741 x SK1 induced strain: P1-7F
P1-7G,11314-YK/11314-YK-1_TACAAGACTT-CAGGTGTTCA,11314-YK-1_TACAAGACTT-CAGGTGTTCA_S102_R1_001.fastq.gz,11314-YK-1_TACAAGACTT-CAGGTGTTCA_S102_R2_001.fastq.gz,Loss of Heterozygosity Library of Saccharomyces cerevisiae BY4741 x SK1 induced strain: P1-7G
P1-7H,11314-YK/11314-YK-1_CTGTGGTGAC-GACAGACAGG,11314-YK-1_CTGTGGTGAC-GACAGACAGG_S103_R1_001.fastq.gz,11314-YK-1_CTGTGGTGAC-GACAGACAGG_S103_R2_001.fastq.gz,Loss of Heterozygosity Library of Saccharomyces cerevisiae BY4741 x SK1 induced strain: P1-7H
P1-8A,11314-YK/11314-YK-1_CTCCACTAAT-TGTACTTGTT,11314-YK-1_CTCCACTAAT-TGTACTTGTT_S104_R1_001.fastq.gz,11314-YK-1_CTCCACTAAT-TGTACTTGTT_S104_R2_001.fastq.gz,Loss of Heterozygosity Library of Saccharomyces cerevisiae BY4741 x SK1 induced strain: P1-8A
P1-8B,11314-YK/11314-YK-1_ATAGTTAGCA-CTCTAAGTAG,11314-YK-1_ATAGTTAGCA-CTCTAAGTAG_S105_R1_001.fastq.gz,11314-YK-1_ATAGTTAGCA-CTCTAAGTAG_S105_R2_001.fastq.gz,Loss of Heterozygosity Library of Saccharomyces cerevisiae BY4741 x SK1 induced strain: P1-8B
P1-8C,11314-YK/11314-YK-1_ATAGGTCTTA-GTCACCACAG,11314-YK-1_ATAGGTCTTA-GTCACCACAG_S106_R1_001.fastq.gz,11314-YK-1_ATAGGTCTTA-GTCACCACAG_S106_R2_001.fastq.gz,Loss of Heterozygosity Library of Saccharomyces cerevisiae BY4741 x SK1 induced strain: P1-8C
P1-8D,11314-YK/11314-YK-1_TTCTTAACCA-TCTACATACC,11314-YK-1_TTCTTAACCA-TCTACATACC_S107_R1_001.fastq.gz,11314-YK-1_TTCTTAACCA-TCTACATACC_S107_R2_001.fastq.gz,Loss of Heterozygosity Library of Saccharomyces cerevisiae BY4741 x SK1 induced strain: P1-8D
P1-8E,11314-YK/11314-YK-1_AAGGAAGAGT-CACGTTAGGC,11314-YK-1_AAGGAAGAGT-CACGTTAGGC_S108_R1_001.fastq.gz,11314-YK-1_AAGGAAGAGT-CACGTTAGGC_S108_R2_001.fastq.gz,Loss of Heterozygosity Library of Saccharomyces cerevisiae BY4741 x SK1 induced strain: P1-8E
P1-8F,11314-YK/11314-YK-1_GGAAGGAGAC-TGGTGAGTCT,11314-YK-1_GGAAGGAGAC-TGGTGAGTCT_S109_R1_001.fastq.gz,11314-YK-1_GGAAGGAGAC-TGGTGAGTCT_S109_R2_001.fastq.gz,Loss of Heterozygosity Library of Saccharomyces cerevisiae BY4741 x SK1 induced strain: P1-8F
P1-8G,11314-YK/11314-YK-1_TGAACGCGGA-CTTCGAAGGA,11314-YK-1_TGAACGCGGA-CTTCGAAGGA_S110_R1_001.fastq.gz,11314-YK-1_TGAACGCGGA-CTTCGAAGGA_S110_R2_001.fastq.gz,Loss of Heterozygosity Library of Saccharomyces cerevisiae BY4741 x SK1 induced strain: P1-8G
P1-8H,11314-YK/11314-YK-1_AAGAGAGTCT-TACGAATCTT,11314-YK-1_AAGAGAGTCT-TACGAATCTT_S111_R1_001.fastq.gz,11314-YK-1_AAGAGAGTCT-TACGAATCTT_S111_R2_001.fastq.gz,Loss of Heterozygosity Library of Saccharomyces cerevisiae BY4741 x SK1 induced strain: P1-8H
P1-9A,11314-YK/11314-YK-1_TTCATGGTTC-GACATTGTCA,11314-YK-1_TTCATGGTTC-GACATTGTCA_S112_R1_001.fastq.gz,11314-YK-1_TTCATGGTTC-GACATTGTCA_S112_R2_001.fastq.gz,Loss of Heterozygosity Library of Saccharomyces cerevisiae BY4741 x SK1 induced strain: P1-9A
P1-9B,11314-YK/11314-YK-1_CTCTCGGCTA-TACCAGATCT,11314-YK-1_CTCTCGGCTA-TACCAGATCT_S113_R1_001.fastq.gz,11314-YK-1_CTCTCGGCTA-TACCAGATCT_S113_R2_001.fastq.gz,Loss of Heterozygosity Library of Saccharomyces cerevisiae BY4741 x SK1 induced strain: P1-9B
P1-9C,11314-YK/11314-YK-1_CACTAGACCA-ACTGCCTTAT,11314-YK-1_CACTAGACCA-ACTGCCTTAT_S114_R1_001.fastq.gz,11314-YK-1_CACTAGACCA-ACTGCCTTAT_S114_R2_001.fastq.gz,Loss of Heterozygosity Library of Saccharomyces cerevisiae BY4741 x SK1 induced strain: P1-9C
P1-9D,11790-YK/11790-YK-1_GGAGAGACTC-TTGAAGCAGA,11790-YK-1_GGAGAGACTC-TTGAAGCAGA_S359_R1_001.fastq.gz,11790-YK-1_GGAGAGACTC-TTGAAGCAGA_S359_R2_001.fastq.gz,Loss of Heterozygosity Library of Saccharomyces cerevisiae BY4741 x SK1 induced strain: P1-9D
P1-9E,11790-YK/11790-YK-1_ATACATCACA-TCTCCATTGA,11790-YK-1_ATACATCACA-TCTCCATTGA_S360_R1_001.fastq.gz,11790-YK-1_ATACATCACA-TCTCCATTGA_S360_R2_001.fastq.gz,Loss of Heterozygosity Library of Saccharomyces cerevisiae BY4741 x SK1 induced strain: P1-9E
P1-9F,11314-YK/11314-YK-1_TCCAGAGATC-CTGCACTTCA,11314-YK-1_TCCAGAGATC-CTGCACTTCA_S117_R1_001.fastq.gz,11314-YK-1_TCCAGAGATC-CTGCACTTCA_S117_R2_001.fastq.gz,Loss of Heterozygosity Library of Saccharomyces cerevisiae BY4741 x SK1 induced strain: P1-9F
P1-9G,11314-YK/11314-YK-1_ATGTCCAGCA-CAGCGGACAA,11314-YK-1_ATGTCCAGCA-CAGCGGACAA_S118_R1_001.fastq.gz,11314-YK-1_ATGTCCAGCA-CAGCGGACAA_S118_R2_001.fastq.gz,Loss of Heterozygosity Library of Saccharomyces cerevisiae BY4741 x SK1 induced strain: P1-9G
P1-9H,11314-YK/11314-YK-1_CAACGTTCGG-GGATCCGCAT,11314-YK-1_CAACGTTCGG-GGATCCGCAT_S119_R1_001.fastq.gz,11314-YK-1_CAACGTTCGG-GGATCCGCAT_S119_R2_001.fastq.gz,Loss of Heterozygosity Library of Saccharomyces cerevisiae BY4741 x SK1 induced strain: P1-9H
P1-11B,11314-YK/11314-YK-1_GCGTATTAAT-TGCGGTGTTG,11314-YK-1_GCGTATTAAT-TGCGGTGTTG_S120_R1_001.fastq.gz,11314-YK-1_GCGTATTAAT-TGCGGTGTTG_S120_R2_001.fastq.gz,Loss of Heterozygosity Library of Saccharomyces cerevisiae BY4741 x SK1 induced strain: P1-11B
P1-11C,11314-YK/11314-YK-1_CCGAATCTGG-ATGAATCAAG,11314-YK-1_CCGAATCTGG-ATGAATCAAG_S121_R1_001.fastq.gz,11314-YK-1_CCGAATCTGG-ATGAATCAAG_S121_R2_001.fastq.gz,Loss of Heterozygosity Library of Saccharomyces cerevisiae BY4741 x SK1 induced strain: P1-11C
P1-11D,11314-YK/11314-YK-1_TCTCAATACC-GACGTTCGCG,11314-YK-1_TCTCAATACC-GACGTTCGCG_S122_R1_001.fastq.gz,11314-YK-1_TCTCAATACC-GACGTTCGCG_S122_R2_001.fastq.gz,Loss of Heterozygosity Library of Saccharomyces cerevisiae BY4741 x SK1 induced strain: P1-11D
P1-11E,11314-YK/11314-YK-1_AAGCATCTTG-CATTCAACAA,11314-YK-1_AAGCATCTTG-CATTCAACAA_S123_R1_001.fastq.gz,11314-YK-1_AAGCATCTTG-CATTCAACAA_S123_R2_001.fastq.gz,Loss of Heterozygosity Library of Saccharomyces cerevisiae BY4741 x SK1 induced strain: P1-11E
P1-11F,11314-YK/11314-YK-1_TCAGTCTCGT-CACGGATTAT,11314-YK-1_TCAGTCTCGT-CACGGATTAT_S124_R1_001.fastq.gz,11314-YK-1_TCAGTCTCGT-CACGGATTAT_S124_R2_001.fastq.gz,Loss of Heterozygosity Library of Saccharomyces cerevisiae BY4741 x SK1 induced strain: P1-11F
P1-11G,11314-YK/11314-YK-1_GTATAGAACA-TGTCACAGGA,11314-YK-1_GTATAGAACA-TGTCACAGGA_S125_R1_001.fastq.gz,11314-YK-1_GTATAGAACA-TGTCACAGGA_S125_R2_001.fastq.gz,Loss of Heterozygosity Library of Saccharomyces cerevisiae BY4741 x SK1 induced strain: P1-11G
P1-12H,11314-YK/11314-YK-1_GTAACAATCT-CTCTGTATAC,11314-YK-1_GTAACAATCT-CTCTGTATAC_S126_R1_001.fastq.gz,11314-YK-1_GTAACAATCT-CTCTGTATAC_S126_R2_001.fastq.gz,Loss of Heterozygosity Library of Saccharomyces cerevisiae BY4741 x SK1 induced strain: P1-12H
P2-1A,11314-YK/11314-YK-1_CCATGGTATA-TCTCGCGGAG,11314-YK-1_CCATGGTATA-TCTCGCGGAG_S127_R1_001.fastq.gz,11314-YK-1_CCATGGTATA-TCTCGCGGAG_S127_R2_001.fastq.gz,Loss of Heterozygosity Library of Saccharomyces cerevisiae BY4741 x SK1 induced strain: P2-1A
P2-1B,11314-YK/11314-YK-1_TCATACCGTT-GGTAACGCAG,11314-YK-1_TCATACCGTT-GGTAACGCAG_S128_R1_001.fastq.gz,11314-YK-1_TCATACCGTT-GGTAACGCAG_S128_R2_001.fastq.gz,Loss of Heterozygosity Library of Saccharomyces cerevisiae BY4741 x SK1 induced strain: P2-1B
P2-1D,11314-YK/11314-YK-1_GGCGCCATTG-ACCGCGCAAT,11314-YK-1_GGCGCCATTG-ACCGCGCAAT_S129_R1_001.fastq.gz,11314-YK-1_GGCGCCATTG-ACCGCGCAAT_S129_R2_001.fastq.gz,Loss of Heterozygosity Library of Saccharomyces cerevisiae BY4741 x SK1 induced strain: P2-1D
P2-1F,11314-YK/11314-YK-1_AGCGAATTAG-AGCCGGAACA,11314-YK-1_AGCGAATTAG-AGCCGGAACA_S130_R1_001.fastq.gz,11314-YK-1_AGCGAATTAG-AGCCGGAACA_S130_R2_001.fastq.gz,Loss of Heterozygosity Library of Saccharomyces cerevisiae BY4741 x SK1 induced strain: P2-1F
P2-1G,11314-YK/11314-YK-1_TTAGACCATG-TCCTAGGAAG,11314-YK-1_TTAGACCATG-TCCTAGGAAG_S131_R1_001.fastq.gz,11314-YK-1_TTAGACCATG-TCCTAGGAAG_S131_R2_001.fastq.gz,Loss of Heterozygosity Library of Saccharomyces cerevisiae BY4741 x SK1 induced strain: P2-1G
P2-2A,11314-YK/11314-YK-1_CACACAGTAT-TTGAGCCTAA,11314-YK-1_CACACAGTAT-TTGAGCCTAA_S132_R1_001.fastq.gz,11314-YK-1_CACACAGTAT-TTGAGCCTAA_S132_R2_001.fastq.gz,Loss of Heterozygosity Library of Saccharomyces cerevisiae BY4741 x SK1 induced strain: P2-2A
P2-2C,11314-YK/11314-YK-1_TCTTGTCGGC-CCACCTGTGT,11314-YK-1_TCTTGTCGGC-CCACCTGTGT_S133_R1_001.fastq.gz,11314-YK-1_TCTTGTCGGC-CCACCTGTGT_S133_R2_001.fastq.gz,Loss of Heterozygosity Library of Saccharomyces cerevisiae BY4741 x SK1 induced strain: P2-2C
P2-2D,11314-YK/11314-YK-1_CTAACCGAGA-TCGATGCGCG,11314-YK-1_CTAACCGAGA-TCGATGCGCG_S134_R1_001.fastq.gz,11314-YK-1_CTAACCGAGA-TCGATGCGCG_S134_R2_001.fastq.gz,Loss of Heterozygosity Library of Saccharomyces cerevisiae BY4741 x SK1 induced strain: P2-2D
P2-2H,11314-YK/11314-YK-1_AGTGTCTAGG-CCTAGAAGCA,11314-YK-1_AGTGTCTAGG-CCTAGAAGCA_S135_R1_001.fastq.gz,11314-YK-1_AGTGTCTAGG-CCTAGAAGCA_S135_R2_001.fastq.gz,Loss of Heterozygosity Library of Saccharomyces cerevisiae BY4741 x SK1 induced strain: P2-2H
P2-3C,11314-YK/11314-YK-1_GAGGAGCTTC-GACGTATACA,11314-YK-1_GAGGAGCTTC-GACGTATACA_S136_R1_001.fastq.gz,11314-YK-1_GAGGAGCTTC-GACGTATACA_S136_R2_001.fastq.gz,Loss of Heterozygosity Library of Saccharomyces cerevisiae BY4741 x SK1 induced strain: P2-3C
P2-3D,11314-YK/11314-YK-1_TCATCTACTA-TAGGCGACTT,11314-YK-1_TCATCTACTA-TAGGCGACTT_S137_R1_001.fastq.gz,11314-YK-1_TCATCTACTA-TAGGCGACTT_S137_R2_001.fastq.gz,Loss of Heterozygosity Library of Saccharomyces cerevisiae BY4741 x SK1 induced strain: P2-3D
P2-3E,11314-YK/11314-YK-1_GTAGGCGAGC-TAGGAGCGCA,11314-YK-1_GTAGGCGAGC-TAGGAGCGCA_S138_R1_001.fastq.gz,11314-YK-1_GTAGGCGAGC-TAGGAGCGCA_S138_R2_001.fastq.gz,Loss of Heterozygosity Library of Saccharomyces cerevisiae BY4741 x SK1 induced strain: P2-3E
P2-3G,11314-YK/11314-YK-1_AACTTATCCT-GTACTGGCGT,11314-YK-1_AACTTATCCT-GTACTGGCGT_S139_R1_001.fastq.gz,11314-YK-1_AACTTATCCT-GTACTGGCGT_S139_R2_001.fastq.gz,Loss of Heterozygosity Library of Saccharomyces cerevisiae BY4741 x SK1 induced strain: P2-3G
P2-4A,11314-YK/11314-YK-1_ATTATGTCTC-AGTTAAGAGC,11314-YK-1_ATTATGTCTC-AGTTAAGAGC_S140_R1_001.fastq.gz,11314-YK-1_ATTATGTCTC-AGTTAAGAGC_S140_R2_001.fastq.gz,Loss of Heterozygosity Library of Saccharomyces cerevisiae BY4741 x SK1 induced strain: P2-4A
P2-4D,11314-YK/11314-YK-1_TATAACAGCT-TCGCGTATAA,11314-YK-1_TATAACAGCT-TCGCGTATAA_S141_R1_001.fastq.gz,11314-YK-1_TATAACAGCT-TCGCGTATAA_S141_R2_001.fastq.gz,Loss of Heterozygosity Library of Saccharomyces cerevisiae BY4741 x SK1 induced strain: P2-4D
P2-4E,11314-YK/11314-YK-1_CCAATGATAC-GAGTGTGCCG,11314-YK-1_CCAATGATAC-GAGTGTGCCG_S142_R1_001.fastq.gz,11314-YK-1_CCAATGATAC-GAGTGTGCCG_S142_R2_001.fastq.gz,Loss of Heterozygosity Library of Saccharomyces cerevisiae BY4741 x SK1 induced strain: P2-4E
P2-4G,11314-YK/11314-YK-1_GAGGCCTATT-CTAGTCCGGA,11314-YK-1_GAGGCCTATT-CTAGTCCGGA_S143_R1_001.fastq.gz,11314-YK-1_GAGGCCTATT-CTAGTCCGGA_S143_R2_001.fastq.gz,Loss of Heterozygosity Library of Saccharomyces cerevisiae BY4741 x SK1 induced strain: P2-4G
P2-4H,11314-YK/11314-YK-1_AGCTAAGCGG-ATTAATACGC,11314-YK-1_AGCTAAGCGG-ATTAATACGC_S144_R1_001.fastq.gz,11314-YK-1_AGCTAAGCGG-ATTAATACGC_S144_R2_001.fastq.gz,Loss of Heterozygosity Library of Saccharomyces cerevisiae BY4741 x SK1 induced strain: P2-4H
P2-5B,11314-YK/11314-YK-1_CTTCCTAGGA-CCTAGAGTAT,11314-YK-1_CTTCCTAGGA-CCTAGAGTAT_S145_R1_001.fastq.gz,11314-YK-1_CTTCCTAGGA-CCTAGAGTAT_S145_R2_001.fastq.gz,Loss of Heterozygosity Library of Saccharomyces cerevisiae BY4741 x SK1 induced strain: P2-5B
P2-5G,11314-YK/11314-YK-1_CGATCTGTGA-TAGGAAGACT,11314-YK-1_CGATCTGTGA-TAGGAAGACT_S146_R1_001.fastq.gz,11314-YK-1_CGATCTGTGA-TAGGAAGACT_S146_R2_001.fastq.gz,Loss of Heterozygosity Library of Saccharomyces cerevisiae BY4741 x SK1 induced strain: P2-5G
P2-5H,11314-YK/11314-YK-1_GTGGACAAGT-CCGTGGCCTT,11314-YK-1_GTGGACAAGT-CCGTGGCCTT_S147_R1_001.fastq.gz,11314-YK-1_GTGGACAAGT-CCGTGGCCTT_S147_R2_001.fastq.gz,Loss of Heterozygosity Library of Saccharomyces cerevisiae BY4741 x SK1 induced strain: P2-5H
P2-6A,11314-YK/11314-YK-1_AACAAGTACA-GGATATATCC,11314-YK-1_AACAAGTACA-GGATATATCC_S148_R1_001.fastq.gz,11314-YK-1_AACAAGTACA-GGATATATCC_S148_R2_001.fastq.gz,Loss of Heterozygosity Library of Saccharomyces cerevisiae BY4741 x SK1 induced strain: P2-6A
P2-6B,11314-YK/11314-YK-1_AGATTAAGTG-CACCTCTTGG,11314-YK-1_AGATTAAGTG-CACCTCTTGG_S149_R1_001.fastq.gz,11314-YK-1_AGATTAAGTG-CACCTCTTGG_S149_R2_001.fastq.gz,Loss of Heterozygosity Library of Saccharomyces cerevisiae BY4741 x SK1 induced strain: P2-6B
P2-6D,11314-YK/11314-YK-1_TATCACTCTG-AACGTTACAT,11314-YK-1_TATCACTCTG-AACGTTACAT_S150_R1_001.fastq.gz,11314-YK-1_TATCACTCTG-AACGTTACAT_S150_R2_001.fastq.gz,Loss of Heterozygosity Library of Saccharomyces cerevisiae BY4741 x SK1 induced strain: P2-6D
P2-6E,11314-YK/11314-YK-1_AGAATTCGCC-CGGCAAGCTC,11314-YK-1_AGAATTCGCC-CGGCAAGCTC_S151_R1_001.fastq.gz,11314-YK-1_AGAATTCGCC-CGGCAAGCTC_S151_R2_001.fastq.gz,Loss of Heterozygosity Library of Saccharomyces cerevisiae BY4741 x SK1 induced strain: P2-6E
P2-6F,11314-YK/11314-YK-1_CCTGACCACT-TCTTGGCTAT,11314-YK-1_CCTGACCACT-TCTTGGCTAT_S152_R1_001.fastq.gz,11314-YK-1_CCTGACCACT-TCTTGGCTAT_S152_R2_001.fastq.gz,Loss of Heterozygosity Library of Saccharomyces cerevisiae BY4741 x SK1 induced strain: P2-6F
P2-6G,11314-YK/11314-YK-1_AGCTGGAATG-ACGGAATGCG,11314-YK-1_AGCTGGAATG-ACGGAATGCG_S153_R1_001.fastq.gz,11314-YK-1_AGCTGGAATG-ACGGAATGCG_S153_R2_001.fastq.gz,Loss of Heterozygosity Library of Saccharomyces cerevisiae BY4741 x SK1 induced strain: P2-6G
P2-6H,11314-YK/11314-YK-1_CCTTGGCATC-GACCGATTCG,11314-YK-1_CCTTGGCATC-GACCGATTCG_S154_R1_001.fastq.gz,11314-YK-1_CCTTGGCATC-GACCGATTCG_S154_R2_001.fastq.gz,Loss of Heterozygosity Library of Saccharomyces cerevisiae BY4741 x SK1 induced strain: P2-6H
P2-7B,11314-YK/11314-YK-1_TATAGGTACT-TAGGTGAGAT,11314-YK-1_TATAGGTACT-TAGGTGAGAT_S155_R1_001.fastq.gz,11314-YK-1_TATAGGTACT-TAGGTGAGAT_S155_R2_001.fastq.gz,Loss of Heterozygosity Library of Saccharomyces cerevisiae BY4741 x SK1 induced strain: P2-7B
P2-7C,11314-YK/11314-YK-1_CAAGTCTACA-CACGTACGTG,11314-YK-1_CAAGTCTACA-CACGTACGTG_S156_R1_001.fastq.gz,11314-YK-1_CAAGTCTACA-CACGTACGTG_S156_R2_001.fastq.gz,Loss of Heterozygosity Library of Saccharomyces cerevisiae BY4741 x SK1 induced strain: P2-7C
P2-7D,11314-YK/11314-YK-1_GAGAAGAGGA-TTGACCTAAC,11314-YK-1_GAGAAGAGGA-TTGACCTAAC_S157_R1_001.fastq.gz,11314-YK-1_GAGAAGAGGA-TTGACCTAAC_S157_R2_001.fastq.gz,Loss of Heterozygosity Library of Saccharomyces cerevisiae BY4741 x SK1 induced strain: P2-7D
P2-7E,11790-YK/11790-YK-1_ATCGTTACGG-GCTCCGGAAG,11790-YK-1_ATCGTTACGG-GCTCCGGAAG_S255_R1_001.fastq.gz,11790-YK-1_ATCGTTACGG-GCTCCGGAAG_S255_R2_001.fastq.gz,Loss of Heterozygosity Library of Saccharomyces cerevisiae BY4741 x SK1 induced strain: P2-7E
P2-7F,11790-YK/11790-YK-1_TCCTACGTCA-TACTTAAGTG,11790-YK-1_TCCTACGTCA-TACTTAAGTG_S256_R1_001.fastq.gz,11790-YK-1_TCCTACGTCA-TACTTAAGTG_S256_R2_001.fastq.gz,Loss of Heterozygosity Library of Saccharomyces cerevisiae BY4741 x SK1 induced strain: P2-7F
P2-7G,11790-YK/11790-YK-1_GTTATATCGC-AAGACAAGGA,11790-YK-1_GTTATATCGC-AAGACAAGGA_S257_R1_001.fastq.gz,11790-YK-1_GTTATATCGC-AAGACAAGGA_S257_R2_001.fastq.gz,Loss of Heterozygosity Library of Saccharomyces cerevisiae BY4741 x SK1 induced strain: P2-7G
P2-7H,11790-YK/11790-YK-1_GTTGGCCATC-TGACATTCGT,11790-YK-1_GTTGGCCATC-TGACATTCGT_S258_R1_001.fastq.gz,11790-YK-1_GTTGGCCATC-TGACATTCGT_S258_R2_001.fastq.gz,Loss of Heterozygosity Library of Saccharomyces cerevisiae BY4741 x SK1 induced strain: P2-7H
P2-8A,11790-YK/11790-YK-1_TCCTGGTTGT-CTGACCGGCA,11790-YK-1_TCCTGGTTGT-CTGACCGGCA_S259_R1_001.fastq.gz,11790-YK-1_TCCTGGTTGT-CTGACCGGCA_S259_R2_001.fastq.gz,Loss of Heterozygosity Library of Saccharomyces cerevisiae BY4741 x SK1 induced strain: P2-8A
P2-8B,11790-YK/11790-YK-1_TAATTCTGCT-TCTCATCAAT,11790-YK-1_TAATTCTGCT-TCTCATCAAT_S260_R1_001.fastq.gz,11790-YK-1_TAATTCTGCT-TCTCATCAAT_S260_R2_001.fastq.gz,Loss of Heterozygosity Library of Saccharomyces cerevisiae BY4741 x SK1 induced strain: P2-8B
P2-8C,11790-YK/11790-YK-1_CGCACGACTG-GGACCAACAG,11790-YK-1_CGCACGACTG-GGACCAACAG_S261_R1_001.fastq.gz,11790-YK-1_CGCACGACTG-GGACCAACAG_S261_R2_001.fastq.gz,Loss of Heterozygosity Library of Saccharomyces cerevisiae BY4741 x SK1 induced strain: P2-8C
P2-8D,11790-YK/11790-YK-1_GAGGTTAGAC-AATGTATTGC,11790-YK-1_GAGGTTAGAC-AATGTATTGC_S262_R1_001.fastq.gz,11790-YK-1_GAGGTTAGAC-AATGTATTGC_S262_R2_001.fastq.gz,Loss of Heterozygosity Library of Saccharomyces cerevisiae BY4741 x SK1 induced strain: P2-8D
P2-8E,11790-YK/11790-YK-1_AACCGAGTTC-GATCTCTGGA,11790-YK-1_AACCGAGTTC-GATCTCTGGA_S263_R1_001.fastq.gz,11790-YK-1_AACCGAGTTC-GATCTCTGGA_S263_R2_001.fastq.gz,Loss of Heterozygosity Library of Saccharomyces cerevisiae BY4741 x SK1 induced strain: P2-8E
P2-8G,11790-YK/11790-YK-1_TAGGTATGTT-CGAGACCAAG,11790-YK-1_TAGGTATGTT-CGAGACCAAG_S361_R1_001.fastq.gz,11790-YK-1_TAGGTATGTT-CGAGACCAAG_S361_R2_001.fastq.gz,Loss of Heterozygosity Library of Saccharomyces cerevisiae BY4741 x SK1 induced strain: P2-8G
P2-8H,11790-YK/11790-YK-1_AGTATGCTAC-TTAATAGACC,11790-YK-1_AGTATGCTAC-TTAATAGACC_S264_R1_001.fastq.gz,11790-YK-1_AGTATGCTAC-TTAATAGACC_S264_R2_001.fastq.gz,Loss of Heterozygosity Library of Saccharomyces cerevisiae BY4741 x SK1 induced strain: P2-8H
P2-9C,11790-YK/11790-YK-1_GTAACTGAAG-GGAGTCGCGA,11790-YK-1_GTAACTGAAG-GGAGTCGCGA_S265_R1_001.fastq.gz,11790-YK-1_GTAACTGAAG-GGAGTCGCGA_S265_R2_001.fastq.gz,Loss of Heterozygosity Library of Saccharomyces cerevisiae BY4741 x SK1 induced strain: P2-9C
P2-9D,11790-YK/11790-YK-1_TCCTCGGACT-AACGCCAGAG,11790-YK-1_TCCTCGGACT-AACGCCAGAG_S266_R1_001.fastq.gz,11790-YK-1_TCCTCGGACT-AACGCCAGAG_S266_R2_001.fastq.gz,Loss of Heterozygosity Library of Saccharomyces cerevisiae BY4741 x SK1 induced strain: P2-9D
P2-9E,11790-YK/11790-YK-1_CACCTAGCAC-TGCTGGACAT,11790-YK-1_CACCTAGCAC-TGCTGGACAT_S362_R1_001.fastq.gz,11790-YK-1_CACCTAGCAC-TGCTGGACAT_S362_R2_001.fastq.gz,Loss of Heterozygosity Library of Saccharomyces cerevisiae BY4741 x SK1 induced strain: P2-9E
P2-9F,11790-YK/11790-YK-1_GAATATGCGG-ACGAGACTGA,11790-YK-1_GAATATGCGG-ACGAGACTGA_S267_R1_001.fastq.gz,11790-YK-1_GAATATGCGG-ACGAGACTGA_S267_R2_001.fastq.gz,Loss of Heterozygosity Library of Saccharomyces cerevisiae BY4741 x SK1 induced strain: P2-9F
P2-9G,11790-YK/11790-YK-1_GATCGGATAA-GTATCGGCCG,11790-YK-1_GATCGGATAA-GTATCGGCCG_S268_R1_001.fastq.gz,11790-YK-1_GATCGGATAA-GTATCGGCCG_S268_R2_001.fastq.gz,Loss of Heterozygosity Library of Saccharomyces cerevisiae BY4741 x SK1 induced strain: P2-9G
P2-9H,11790-YK/11790-YK-1_GCTAGACTAT-AATACGACAT,11790-YK-1_GCTAGACTAT-AATACGACAT_S269_R1_001.fastq.gz,11790-YK-1_GCTAGACTAT-AATACGACAT_S269_R2_001.fastq.gz,Loss of Heterozygosity Library of Saccharomyces cerevisiae BY4741 x SK1 induced strain: P2-9H
P2-10A,11790-YK/11790-YK-1_AGCTACTATA-GTTATATGGC,11790-YK-1_AGCTACTATA-GTTATATGGC_S270_R1_001.fastq.gz,11790-YK-1_AGCTACTATA-GTTATATGGC_S270_R2_001.fastq.gz,Loss of Heterozygosity Library of Saccharomyces cerevisiae BY4741 x SK1 induced strain: P2-10A
P2-10D,11790-YK/11790-YK-1_CCACCGGAGT-GCCTGCCATG,11790-YK-1_CCACCGGAGT-GCCTGCCATG_S271_R1_001.fastq.gz,11790-YK-1_CCACCGGAGT-GCCTGCCATG_S271_R2_001.fastq.gz,Loss of Heterozygosity Library of Saccharomyces cerevisiae BY4741 x SK1 induced strain: P2-10D
P2-10G,11790-YK/11790-YK-1_CTTACCGCAC-TAAGACCTAT,11790-YK-1_CTTACCGCAC-TAAGACCTAT_S272_R1_001.fastq.gz,11790-YK-1_CTTACCGCAC-TAAGACCTAT_S272_R2_001.fastq.gz,Loss of Heterozygosity Library of Saccharomyces cerevisiae BY4741 x SK1 induced strain: P2-10G
P2-10H,11790-YK/11790-YK-1_TTAGGATATC-TATACCATGG,11790-YK-1_TTAGGATATC-TATACCATGG_S273_R1_001.fastq.gz,11790-YK-1_TTAGGATATC-TATACCATGG_S273_R2_001.fastq.gz,Loss of Heterozygosity Library of Saccharomyces cerevisiae BY4741 x SK1 induced strain: P2-10H
P2-11C,11790-YK/11790-YK-1_TTATACGCGA-GCCGTCTGTT,11790-YK-1_TTATACGCGA-GCCGTCTGTT_S274_R1_001.fastq.gz,11790-YK-1_TTATACGCGA-GCCGTCTGTT_S274_R2_001.fastq.gz,Loss of Heterozygosity Library of Saccharomyces cerevisiae BY4741 x SK1 induced strain: P2-11C
P2-11E,11790-YK/11790-YK-1_CGCTTAGAAT-CAGAGTGATA,11790-YK-1_CGCTTAGAAT-CAGAGTGATA_S275_R1_001.fastq.gz,11790-YK-1_CGCTTAGAAT-CAGAGTGATA_S275_R2_001.fastq.gz,Loss of Heterozygosity Library of Saccharomyces cerevisiae BY4741 x SK1 induced strain: P2-11E
P2-11F,11790-YK/11790-YK-1_CCGAAGCGCT-TGCTAACTAT,11790-YK-1_CCGAAGCGCT-TGCTAACTAT_S276_R1_001.fastq.gz,11790-YK-1_CCGAAGCGCT-TGCTAACTAT_S276_R2_001.fastq.gz,Loss of Heterozygosity Library of Saccharomyces cerevisiae BY4741 x SK1 induced strain: P2-11F
P2-11H,11790-YK/11790-YK-1_CACTATCAAC-TCAGTTAATG,11790-YK-1_CACTATCAAC-TCAGTTAATG_S277_R1_001.fastq.gz,11790-YK-1_CACTATCAAC-TCAGTTAATG_S277_R2_001.fastq.gz,Loss of Heterozygosity Library of Saccharomyces cerevisiae BY4741 x SK1 induced strain: P2-11H
P3-1A,11790-YK/11790-YK-1_CATCTACGTA-TGTAATTGAG,11790-YK-1_CATCTACGTA-TGTAATTGAG_S278_R1_001.fastq.gz,11790-YK-1_CATCTACGTA-TGTAATTGAG_S278_R2_001.fastq.gz,Loss of Heterozygosity Library of Saccharomyces cerevisiae BY4741 x SK1 induced strain: P3-1A
P3-1B,11790-YK/11790-YK-1_TTACAGTTAG-ACATGCATAT,11790-YK-1_TTACAGTTAG-ACATGCATAT_S279_R1_001.fastq.gz,11790-YK-1_TTACAGTTAG-ACATGCATAT_S279_R2_001.fastq.gz,Loss of Heterozygosity Library of Saccharomyces cerevisiae BY4741 x SK1 induced strain: P3-1B
P3-1C,11790-YK/11790-YK-1_TTCAAGTATG-GATGGTATCG,11790-YK-1_TTCAAGTATG-GATGGTATCG_S363_R1_001.fastq.gz,11790-YK-1_TTCAAGTATG-GATGGTATCG_S363_R2_001.fastq.gz,Loss of Heterozygosity Library of Saccharomyces cerevisiae BY4741 x SK1 induced strain: P3-1C
P3-1D,11790-YK/11790-YK-1_CTAGAGCGCA-GCTTCTAGCA,11790-YK-1_CTAGAGCGCA-GCTTCTAGCA_S280_R1_001.fastq.gz,11790-YK-1_CTAGAGCGCA-GCTTCTAGCA_S280_R2_001.fastq.gz,Loss of Heterozygosity Library of Saccharomyces cerevisiae BY4741 x SK1 induced strain: P3-1D
P3-1F,11790-YK/11790-YK-1_TCGATCACGC-CATAGAGCCT,11790-YK-1_TCGATCACGC-CATAGAGCCT_S281_R1_001.fastq.gz,11790-YK-1_TCGATCACGC-CATAGAGCCT_S281_R2_001.fastq.gz,Loss of Heterozygosity Library of Saccharomyces cerevisiae BY4741 x SK1 induced strain: P3-1F
P3-1G,11790-YK/11790-YK-1_AACCTGGCTC-TGAGTATGTT,11790-YK-1_AACCTGGCTC-TGAGTATGTT_S282_R1_001.fastq.gz,11790-YK-1_AACCTGGCTC-TGAGTATGTT_S282_R2_001.fastq.gz,Loss of Heterozygosity Library of Saccharomyces cerevisiae BY4741 x SK1 induced strain: P3-1G
P3-1H,11790-YK/11790-YK-1_TTATGGAAGT-GACAATAACA,11790-YK-1_TTATGGAAGT-GACAATAACA_S283_R1_001.fastq.gz,11790-YK-1_TTATGGAAGT-GACAATAACA_S283_R2_001.fastq.gz,Loss of Heterozygosity Library of Saccharomyces cerevisiae BY4741 x SK1 induced strain: P3-1H
P3-2A,11790-YK/11790-YK-1_TAGTGGAAGC-AGTACCTATA,11790-YK-1_TAGTGGAAGC-AGTACCTATA_S284_R1_001.fastq.gz,11790-YK-1_TAGTGGAAGC-AGTACCTATA_S284_R2_001.fastq.gz,Loss of Heterozygosity Library of Saccharomyces cerevisiae BY4741 x SK1 induced strain: P3-2A
P3-2C,11790-YK/11790-YK-1_CGCCATATCT-GACCGGAGAT,11790-YK-1_CGCCATATCT-GACCGGAGAT_S285_R1_001.fastq.gz,11790-YK-1_CGCCATATCT-GACCGGAGAT_S285_R2_001.fastq.gz,Loss of Heterozygosity Library of Saccharomyces cerevisiae BY4741 x SK1 induced strain: P3-2C
P3-2D,11790-YK/11790-YK-1_GCAGCCTCAA-TAAGTGCTAG,11790-YK-1_GCAGCCTCAA-TAAGTGCTAG_S286_R1_001.fastq.gz,11790-YK-1_GCAGCCTCAA-TAAGTGCTAG_S286_R2_001.fastq.gz,Loss of Heterozygosity Library of Saccharomyces cerevisiae BY4741 x SK1 induced strain: P3-2D
P3-2F,11790-YK/11790-YK-1_ACTAGCGCTA-TTACTTCCTC,11790-YK-1_ACTAGCGCTA-TTACTTCCTC_S287_R1_001.fastq.gz,11790-YK-1_ACTAGCGCTA-TTACTTCCTC_S287_R2_001.fastq.gz,Loss of Heterozygosity Library of Saccharomyces cerevisiae BY4741 x SK1 induced strain: P3-2F
P3-2G,11790-YK/11790-YK-1_GCTCTTAACT-CACGTCCACC,11790-YK-1_GCTCTTAACT-CACGTCCACC_S288_R1_001.fastq.gz,11790-YK-1_GCTCTTAACT-CACGTCCACC_S288_R2_001.fastq.gz,Loss of Heterozygosity Library of Saccharomyces cerevisiae BY4741 x SK1 induced strain: P3-2G
P3-2H,11790-YK/11790-YK-1_GTGGTATCTG-GCTACTATCT,11790-YK-1_GTGGTATCTG-GCTACTATCT_S289_R1_001.fastq.gz,11790-YK-1_GTGGTATCTG-GCTACTATCT_S289_R2_001.fastq.gz,Loss of Heterozygosity Library of Saccharomyces cerevisiae BY4741 x SK1 induced strain: P3-2H
P3-3A,11790-YK/11790-YK-1_TGACGGCCGT-AGTCAACCAT,11790-YK-1_TGACGGCCGT-AGTCAACCAT_S290_R1_001.fastq.gz,11790-YK-1_TGACGGCCGT-AGTCAACCAT_S290_R2_001.fastq.gz,Loss of Heterozygosity Library of Saccharomyces cerevisiae BY4741 x SK1 induced strain: P3-3A
P3-3B,11790-YK/11790-YK-1_CAGTAATTAC-CGAGGCGGTA,11790-YK-1_CAGTAATTAC-CGAGGCGGTA_S291_R1_001.fastq.gz,11790-YK-1_CAGTAATTAC-CGAGGCGGTA_S291_R2_001.fastq.gz,Loss of Heterozygosity Library of Saccharomyces cerevisiae BY4741 x SK1 induced strain: P3-3B
P3-3C,11790-YK/11790-YK-1_TACAAGACTT-CAGGTGTTCA,11790-YK-1_TACAAGACTT-CAGGTGTTCA_S292_R1_001.fastq.gz,11790-YK-1_TACAAGACTT-CAGGTGTTCA_S292_R2_001.fastq.gz,Loss of Heterozygosity Library of Saccharomyces cerevisiae BY4741 x SK1 induced strain: P3-3C
P3-3D,11790-YK/11790-YK-1_CTGTGGTGAC-GACAGACAGG,11790-YK-1_CTGTGGTGAC-GACAGACAGG_S293_R1_001.fastq.gz,11790-YK-1_CTGTGGTGAC-GACAGACAGG_S293_R2_001.fastq.gz,Loss of Heterozygosity Library of Saccharomyces cerevisiae BY4741 x SK1 induced strain: P3-3D
P3-3F,11790-YK/11790-YK-1_CTCCACTAAT-TGTACTTGTT,11790-YK-1_CTCCACTAAT-TGTACTTGTT_S294_R1_001.fastq.gz,11790-YK-1_CTCCACTAAT-TGTACTTGTT_S294_R2_001.fastq.gz,Loss of Heterozygosity Library of Saccharomyces cerevisiae BY4741 x SK1 induced strain: P3-3F
P3-3G,11790-YK/11790-YK-1_ATAGTTAGCA-CTCTAAGTAG,11790-YK-1_ATAGTTAGCA-CTCTAAGTAG_S295_R1_001.fastq.gz,11790-YK-1_ATAGTTAGCA-CTCTAAGTAG_S295_R2_001.fastq.gz,Loss of Heterozygosity Library of Saccharomyces cerevisiae BY4741 x SK1 induced strain: P3-3G
P3-3H,11790-YK/11790-YK-1_ATAGGTCTTA-GTCACCACAG,11790-YK-1_ATAGGTCTTA-GTCACCACAG_S296_R1_001.fastq.gz,11790-YK-1_ATAGGTCTTA-GTCACCACAG_S296_R2_001.fastq.gz,Loss of Heterozygosity Library of Saccharomyces cerevisiae BY4741 x SK1 induced strain: P3-3H
P3-4A,11790-YK/11790-YK-1_TTCTTAACCA-TCTACATACC,11790-YK-1_TTCTTAACCA-TCTACATACC_S297_R1_001.fastq.gz,11790-YK-1_TTCTTAACCA-TCTACATACC_S297_R2_001.fastq.gz,Loss of Heterozygosity Library of Saccharomyces cerevisiae BY4741 x SK1 induced strain: P3-4A
P3-4D,11790-YK/11790-YK-1_AAGGAAGAGT-CACGTTAGGC,11790-YK-1_AAGGAAGAGT-CACGTTAGGC_S298_R1_001.fastq.gz,11790-YK-1_AAGGAAGAGT-CACGTTAGGC_S298_R2_001.fastq.gz,Loss of Heterozygosity Library of Saccharomyces cerevisiae BY4741 x SK1 induced strain: P3-4D
P3-4E,11790-YK/11790-YK-1_GGAAGGAGAC-TGGTGAGTCT,11790-YK-1_GGAAGGAGAC-TGGTGAGTCT_S299_R1_001.fastq.gz,11790-YK-1_GGAAGGAGAC-TGGTGAGTCT_S299_R2_001.fastq.gz,Loss of Heterozygosity Library of Saccharomyces cerevisiae BY4741 x SK1 induced strain: P3-4E
P3-4F,11790-YK/11790-YK-1_TGAACGCGGA-CTTCGAAGGA,11790-YK-1_TGAACGCGGA-CTTCGAAGGA_S300_R1_001.fastq.gz,11790-YK-1_TGAACGCGGA-CTTCGAAGGA_S300_R2_001.fastq.gz,Loss of Heterozygosity Library of Saccharomyces cerevisiae BY4741 x SK1 induced strain: P3-4F
P3-4G,11790-YK/11790-YK-1_AAGAGAGTCT-TACGAATCTT,11790-YK-1_AAGAGAGTCT-TACGAATCTT_S301_R1_001.fastq.gz,11790-YK-1_AAGAGAGTCT-TACGAATCTT_S301_R2_001.fastq.gz,Loss of Heterozygosity Library of Saccharomyces cerevisiae BY4741 x SK1 induced strain: P3-4G
P3-4H,11790-YK/11790-YK-1_TTCATGGTTC-GACATTGTCA,11790-YK-1_TTCATGGTTC-GACATTGTCA_S302_R1_001.fastq.gz,11790-YK-1_TTCATGGTTC-GACATTGTCA_S302_R2_001.fastq.gz,Loss of Heterozygosity Library of Saccharomyces cerevisiae BY4741 x SK1 induced strain: P3-4H
P3-5A,11790-YK/11790-YK-1_CTCTCGGCTA-TACCAGATCT,11790-YK-1_CTCTCGGCTA-TACCAGATCT_S303_R1_001.fastq.gz,11790-YK-1_CTCTCGGCTA-TACCAGATCT_S303_R2_001.fastq.gz,Loss of Heterozygosity Library of Saccharomyces cerevisiae BY4741 x SK1 induced strain: P3-5A
P3-5B,11790-YK/11790-YK-1_CACTAGACCA-ACTGCCTTAT,11790-YK-1_CACTAGACCA-ACTGCCTTAT_S304_R1_001.fastq.gz,11790-YK-1_CACTAGACCA-ACTGCCTTAT_S304_R2_001.fastq.gz,Loss of Heterozygosity Library of Saccharomyces cerevisiae BY4741 x SK1 induced strain: P3-5B
P3-5C,11790-YK/11790-YK-1_ATTATCCACT-TACGCACGTA,11790-YK-1_ATTATCCACT-TACGCACGTA_S305_R1_001.fastq.gz,11790-YK-1_ATTATCCACT-TACGCACGTA_S305_R2_001.fastq.gz,Loss of Heterozygosity Library of Saccharomyces cerevisiae BY4741 x SK1 induced strain: P3-5C
P3-5D,11790-YK/11790-YK-1_ATGGCGTGCC-CGCTTGAAGT,11790-YK-1_ATGGCGTGCC-CGCTTGAAGT_S306_R1_001.fastq.gz,11790-YK-1_ATGGCGTGCC-CGCTTGAAGT_S306_R2_001.fastq.gz,Loss of Heterozygosity Library of Saccharomyces cerevisiae BY4741 x SK1 induced strain: P3-5D
P3-5E,11790-YK/11790-YK-1_TCCAGAGATC-CTGCACTTCA,11790-YK-1_TCCAGAGATC-CTGCACTTCA_S307_R1_001.fastq.gz,11790-YK-1_TCCAGAGATC-CTGCACTTCA_S307_R2_001.fastq.gz,Loss of Heterozygosity Library of Saccharomyces cerevisiae BY4741 x SK1 induced strain: P3-5E
P3-5F,11790-YK/11790-YK-1_ATGTCCAGCA-CAGCGGACAA,11790-YK-1_ATGTCCAGCA-CAGCGGACAA_S308_R1_001.fastq.gz,11790-YK-1_ATGTCCAGCA-CAGCGGACAA_S308_R2_001.fastq.gz,Loss of Heterozygosity Library of Saccharomyces cerevisiae BY4741 x SK1 induced strain: P3-5F
P3-5G,11790-YK/11790-YK-1_CAACGTTCGG-GGATCCGCAT,11790-YK-1_CAACGTTCGG-GGATCCGCAT_S309_R1_001.fastq.gz,11790-YK-1_CAACGTTCGG-GGATCCGCAT_S309_R2_001.fastq.gz,Loss of Heterozygosity Library of Saccharomyces cerevisiae BY4741 x SK1 induced strain: P3-5G
P3-6A,11790-YK/11790-YK-1_GCGTATTAAT-TGCGGTGTTG,11790-YK-1_GCGTATTAAT-TGCGGTGTTG_S310_R1_001.fastq.gz,11790-YK-1_GCGTATTAAT-TGCGGTGTTG_S310_R2_001.fastq.gz,Loss of Heterozygosity Library of Saccharomyces cerevisiae BY4741 x SK1 induced strain: P3-6A
P3-6B,11790-YK/11790-YK-1_CCGAATCTGG-ATGAATCAAG,11790-YK-1_CCGAATCTGG-ATGAATCAAG_S311_R1_001.fastq.gz,11790-YK-1_CCGAATCTGG-ATGAATCAAG_S311_R2_001.fastq.gz,Loss of Heterozygosity Library of Saccharomyces cerevisiae BY4741 x SK1 induced strain: P3-6B
P3-6C,11790-YK/11790-YK-1_TCTCAATACC-GACGTTCGCG,11790-YK-1_TCTCAATACC-GACGTTCGCG_S312_R1_001.fastq.gz,11790-YK-1_TCTCAATACC-GACGTTCGCG_S312_R2_001.fastq.gz,Loss of Heterozygosity Library of Saccharomyces cerevisiae BY4741 x SK1 induced strain: P3-6C
P3-6D,11790-YK/11790-YK-1_AAGCATCTTG-CATTCAACAA,11790-YK-1_AAGCATCTTG-CATTCAACAA_S313_R1_001.fastq.gz,11790-YK-1_AAGCATCTTG-CATTCAACAA_S313_R2_001.fastq.gz,Loss of Heterozygosity Library of Saccharomyces cerevisiae BY4741 x SK1 induced strain: P3-6D
P3-6E,11790-YK/11790-YK-1_TCAGTCTCGT-CACGGATTAT,11790-YK-1_TCAGTCTCGT-CACGGATTAT_S314_R1_001.fastq.gz,11790-YK-1_TCAGTCTCGT-CACGGATTAT_S314_R2_001.fastq.gz,Loss of Heterozygosity Library of Saccharomyces cerevisiae BY4741 x SK1 induced strain: P3-6E
P3-6F,11790-YK/11790-YK-1_GTATAGAACA-TGTCACAGGA,11790-YK-1_GTATAGAACA-TGTCACAGGA_S315_R1_001.fastq.gz,11790-YK-1_GTATAGAACA-TGTCACAGGA_S315_R2_001.fastq.gz,Loss of Heterozygosity Library of Saccharomyces cerevisiae BY4741 x SK1 induced strain: P3-6F
P3-6G,11790-YK/11790-YK-1_GTAACAATCT-CTCTGTATAC,11790-YK-1_GTAACAATCT-CTCTGTATAC_S316_R1_001.fastq.gz,11790-YK-1_GTAACAATCT-CTCTGTATAC_S316_R2_001.fastq.gz,Loss of Heterozygosity Library of Saccharomyces cerevisiae BY4741 x SK1 induced strain: P3-6G
P3-6H,11790-YK/11790-YK-1_CCATGGTATA-TCTCGCGGAG,11790-YK-1_CCATGGTATA-TCTCGCGGAG_S317_R1_001.fastq.gz,11790-YK-1_CCATGGTATA-TCTCGCGGAG_S317_R2_001.fastq.gz,Loss of Heterozygosity Library of Saccharomyces cerevisiae BY4741 x SK1 induced strain: P3-6H
P3-7A,11790-YK/11790-YK-1_TCATACCGTT-GGTAACGCAG,11790-YK-1_TCATACCGTT-GGTAACGCAG_S318_R1_001.fastq.gz,11790-YK-1_TCATACCGTT-GGTAACGCAG_S318_R2_001.fastq.gz,Loss of Heterozygosity Library of Saccharomyces cerevisiae BY4741 x SK1 induced strain: P3-7A
P3-7B,11790-YK/11790-YK-1_GGCGCCATTG-ACCGCGCAAT,11790-YK-1_GGCGCCATTG-ACCGCGCAAT_S319_R1_001.fastq.gz,11790-YK-1_GGCGCCATTG-ACCGCGCAAT_S319_R2_001.fastq.gz,Loss of Heterozygosity Library of Saccharomyces cerevisiae BY4741 x SK1 induced strain: P3-7B
P3-7C,11790-YK/11790-YK-1_AGCGAATTAG-AGCCGGAACA,11790-YK-1_AGCGAATTAG-AGCCGGAACA_S320_R1_001.fastq.gz,11790-YK-1_AGCGAATTAG-AGCCGGAACA_S320_R2_001.fastq.gz,Loss of Heterozygosity Library of Saccharomyces cerevisiae BY4741 x SK1 induced strain: P3-7C
P3-7F,11790-YK/11790-YK-1_TTAGACCATG-TCCTAGGAAG,11790-YK-1_TTAGACCATG-TCCTAGGAAG_S321_R1_001.fastq.gz,11790-YK-1_TTAGACCATG-TCCTAGGAAG_S321_R2_001.fastq.gz,Loss of Heterozygosity Library of Saccharomyces cerevisiae BY4741 x SK1 induced strain: P3-7F
P3-7G,11790-YK/11790-YK-1_CACACAGTAT-TTGAGCCTAA,11790-YK-1_CACACAGTAT-TTGAGCCTAA_S322_R1_001.fastq.gz,11790-YK-1_CACACAGTAT-TTGAGCCTAA_S322_R2_001.fastq.gz,Loss of Heterozygosity Library of Saccharomyces cerevisiae BY4741 x SK1 induced strain: P3-7G
P3-7H,11790-YK/11790-YK-1_TCTTGTCGGC-CCACCTGTGT,11790-YK-1_TCTTGTCGGC-CCACCTGTGT_S323_R1_001.fastq.gz,11790-YK-1_TCTTGTCGGC-CCACCTGTGT_S323_R2_001.fastq.gz,Loss of Heterozygosity Library of Saccharomyces cerevisiae BY4741 x SK1 induced strain: P3-7H
P3-8A,11790-YK/11790-YK-1_CTAACCGAGA-TCGATGCGCG,11790-YK-1_CTAACCGAGA-TCGATGCGCG_S324_R1_001.fastq.gz,11790-YK-1_CTAACCGAGA-TCGATGCGCG_S324_R2_001.fastq.gz,Loss of Heterozygosity Library of Saccharomyces cerevisiae BY4741 x SK1 induced strain: P3-8A
P3-8B,11790-YK/11790-YK-1_AGTGTCTAGG-CCTAGAAGCA,11790-YK-1_AGTGTCTAGG-CCTAGAAGCA_S325_R1_001.fastq.gz,11790-YK-1_AGTGTCTAGG-CCTAGAAGCA_S325_R2_001.fastq.gz,Loss of Heterozygosity Library of Saccharomyces cerevisiae BY4741 x SK1 induced strain: P3-8B
P3-8C,11790-YK/11790-YK-1_GAGGAGCTTC-GACGTATACA,11790-YK-1_GAGGAGCTTC-GACGTATACA_S326_R1_001.fastq.gz,11790-YK-1_GAGGAGCTTC-GACGTATACA_S326_R2_001.fastq.gz,Loss of Heterozygosity Library of Saccharomyces cerevisiae BY4741 x SK1 induced strain: P3-8C
P3-8D,11790-YK/11790-YK-1_TCATCTACTA-TAGGCGACTT,11790-YK-1_TCATCTACTA-TAGGCGACTT_S327_R1_001.fastq.gz,11790-YK-1_TCATCTACTA-TAGGCGACTT_S327_R2_001.fastq.gz,Loss of Heterozygosity Library of Saccharomyces cerevisiae BY4741 x SK1 induced strain: P3-8D
P3-8E,11790-YK/11790-YK-1_GTAGGCGAGC-TAGGAGCGCA,11790-YK-1_GTAGGCGAGC-TAGGAGCGCA_S328_R1_001.fastq.gz,11790-YK-1_GTAGGCGAGC-TAGGAGCGCA_S328_R2_001.fastq.gz,Loss of Heterozygosity Library of Saccharomyces cerevisiae BY4741 x SK1 induced strain: P3-8E
P3-8F,11790-YK/11790-YK-1_AACTTATCCT-GTACTGGCGT,11790-YK-1_AACTTATCCT-GTACTGGCGT_S329_R1_001.fastq.gz,11790-YK-1_AACTTATCCT-GTACTGGCGT_S329_R2_001.fastq.gz,Loss of Heterozygosity Library of Saccharomyces cerevisiae BY4741 x SK1 induced strain: P3-8F
P3-8H,11790-YK/11790-YK-1_ATTATGTCTC-AGTTAAGAGC,11790-YK-1_ATTATGTCTC-AGTTAAGAGC_S330_R1_001.fastq.gz,11790-YK-1_ATTATGTCTC-AGTTAAGAGC_S330_R2_001.fastq.gz,Loss of Heterozygosity Library of Saccharomyces cerevisiae BY4741 x SK1 induced strain: P3-8H
