CNTRL-1A,AGCAAATCAACAAAAGATAA
CNTRL-1B,AGCCATGTACTCGGTGGTTC
CNTRL-1C,CGTTAATTTACACTGCATGT
CNTRL-1D,TCGGCATAAAACATAAAACA
CNTRL-1E,GTAAGATAAGGAATGAAAGG
CNTRL-1F,CTTCGAAAAGGAGAACTAAA
CNTRL-1G,GTCTGAAGGGCAGTGACTGC
CNTRL-1H,CCGGTATTGAGACAGAAAGT
NFS-1E,CTTGGATCCGACGAATGCAA
NFS-2A,GTGGGCGCCCCGTCCCCGCA
NFS-2B,TCACAAAAAAATAACTAAGA
NFS-2D,ACGGTTTGTTAGGTAAACTC
NFS-2F,GCTCTGGCTTAAAGTATCAA
NFS-3G,AGTACGGATGAAGAGAGTAA
NFS-4B,TATGAGGCAGGAGGAAAAAA
NFS-4E,TAACTGCCGCGCGTCGAAAA
NFS-5B,CGTAAATCGTCAAAGAAAAA
NFS-5D,CTAGAAAATAACTTAAGAAA
NFS-5G,GGACCTATGAGAGTGGTCGT
NFS-6C,TCCGGGGACGCTTCGAACC
NFS-7A,TTTGTGACCAAGAAGATAGA
NFS-7C,CACCAGGAGGCGGCACCCAA
NFS-7E,GCCCGCTTCGCTTTGCGCCA
NFS-7H,CGGAAACGTGAGACAAAAA
P1-11B,GCGGTTCGAGGTTTTTACGT
P1-11C,GGGAAGACAAAACGAAGGAG
P1-11D,CTCAGGACGATTCTAGACAT
P1-11E,TAGTCCGTCCCAATCAGATA
P1-11F,GGCCTGCACACTCCAGGAAA
P1-12H,ACAGGACTGAGAACGAACGA
P1-1A,ATATGGGCAGCCCTAGATCG
P1-1D,CTACCCCCGTGACGAGTACC
P1-1E,GATTAACTCCTAAGAAAAAC
P1-1F,CAGCCTCGGTAAATGCACAA
P1-1G,GGGAGTGTCCTGAAACATCC
P1-1H,CCACAGGGCTCTAGTCCAAA
P1-2D,TCCATATTAAGGAGAAAAAG
P1-2F,GCGGACCAAAAGAGAGTCAT
P1-2H,CGTGTACAGGGACACTAAAA
P1-3A,CGATGCGAACCAAGGAAAAA
P1-3B,TGGCGACCGAGGTTAAAGTG
P1-3C,CGCCGCGTACAGAGGCATTC
P1-3D,ACGTTAGCCAAGGCAACCGA
P1-3F,ATCGAAAGAATGTGCGTCGC
P1-3H,CAATAGCCCAAGGGATAATA
P1-4A,CAAGGTCTTGTAATTTAAGA
P1-4B,CGAGGGACACCCGAAAAAAT
P1-4C,CCCGTGGGACGGTAAACAAA
P1-4D,GTAGGGTCGAACTTAGAAGC
P1-4F,AGATCAAGACCCGGTAAAAA
P1-4G,CCAAGTTGCAACAGATGTGG
P1-4H,CCAGGTGAAGAGTGATACAT
P1-5A,TATCATAAGCACGAGTCCGA
P1-5B,CGAAGACTCGGGAAACAACA
P1-5C,ACAGGGTAGGGTAAAAAACG
P1-5D,CCCCGCATCCAATTGGGACT
P1-5G,CTTAAAATGCACGGGAGCAA
P1-5H,TGTGAATTCGCAGAAGTGAC
P1-6A,GGAGAAGCTATCGGATACGA
P1-6C,GGGAAGACAAAACGAAGGAG
P1-6D,GTCAGGGTCCCCAGTGGTGC
P1-6F,ATAGACCCACCAAAGAAAAA
P1-6G,GGGCGGTACGCAGGTGCGGC
P1-6H,GTTAAGGAACGGTGATATAC
P1-7A,GCCGGTAAAGAAAGGTAAAT
P1-7B,AAATGATGAGAAATTTAGT
P1-7C,CTACCCCCGTGACGAGTACC
P1-7D,GCACTGAGGCTCTACGGCGT
P1-7E,GCACTGAGGCTCTACGGCGT
P1-7F,GCACATGCGACCCAATGGCA
P1-7G,CTCCGGGCGGTCGGAAAAAC
P1-7H,ACAGGACTGAGAACGAACGA
P1-8A,AAACTCATCAGAGAAAAAAA
P1-8B,AGCATCCGACCCAGACATCA
P1-8C,GCACTGAGGCTCTACGGCGT
P1-8D,GCGGACGAAAATATATACAT
P1-8E,ACGGGGGCCCAAAAAAGCCA
P1-8F,TGTTATTTGTGGATTGACAT
P1-8G,ACAGTTCCTGGGAATGAGAG
P1-8H,TGCTTGGTGTCGGCCTATGG
P1-9A,CGTGGTCCAAATTTATAAAG
P1-9B,GGACGGCAGAAGTTCGCGAC
P1-9C,GAGACTTATGAATTTAATCC
P1-9D,ATGGACCAAGGAAAGCAACT
P1-9E,CCACAGGGCTCTAGTCCAAA
P1-9F,AAAGCGATGGAGACACATAT
P1-9G,CGCGCAAAAATCGAAAAGTA
P1-9H,GTTTAGCCGCAGGTAAACCT
P2-10A,CGTGAAGCGATAAATAACTA
P2-10D,GACGCGAACCTAATGAAATC
P2-10G,CAAACAAGGAGAAGTAAAAC
P2-10H,GGGCAGTAAAGGGGGGGAGT
P2-11C,CAATAGCCCAAGGGATAATA
P2-11E,CGACGACCACCGGAAAATGG
P2-11F,CCGAGTCGCCGGACGAACAG
P2-11H,GGGCAGTAAAGGGGGGGAGT
P2-1A,CTACCGCGACTAAGAGGAAC
P2-1B,TTTCCCAATAGGATATC
P2-1D,CCCCCCATCGGCATCAACTC
P2-1G,CCAGCAAACCGTATAACAA
P2-2A,GGATGTTTGCGTAAATAGAA
P2-2C,GGTCGAACAATGAAGCGCGA
P2-2D,ATGAAACATGTGCAAGGATT
P2-2H,CCTAGCGGTAAAAGGTACAA
P2-3C,TGTTGTCGAAAAGGTATTCA
P2-3D,GTGGGCCAAATGAGACGCCA
P2-3E,GAAAGCATCGTTCCTTAGAA
P2-3G,CGAATGGAAAAGCACAACGA
P2-4A,TTACACTGCGTAAAAAAAAA
P2-4D,ATGTGTATTTCTGGAAAAAA
P2-4E,TTACAAGCTAAGAGAAGAAA
P2-4G,GTTCGCCCTGGTCAAAAAAA
P2-4H,CGGACCGAACATTAGGAACG
P2-5B,GGTTCGAACGTCGGGGAAAA
P2-5G,GGTTAGTACTCGTAACATCA
P2-5H,CGGGGGCCGGTCACGGGAAC
P2-6A,GCCTGTTTTAAAATCTAAAA
P2-6B,GGTATTCCAAACAGACGCCC
P2-6D,AATCTCGACGAAGTTAAAAG
P2-6E,TCACTGCCCAATAGTTAGGC
P2-6F,GCTCACCCATGGCAAGTGAG
P2-6G,GATCACAGAAAAATTTAAAT
P2-6H,GGATGCTATCAGAGCTGCAC
P2-7B,GGGAGTACTAGACCAGGAAC
P2-7C,TGGCAAATTCATAGGCTTCT
P2-7D,GCCGAACAGTTCAAAATGAG
P2-7E,GGCGCAGCAAATCGTAACGG
P2-7F,GGGTCTGAGCTGATAGTCGA
P2-7G,GCTAGGGCCGACCGAAAACC
P2-7H,GTCCTTGGTTTGGGAAAAAC
P2-8A,ACACCCCCAGTCAAACAAA
P2-8C,CTGGAGTATCGTTGAGATGA
P2-8D,CCCGGACTCTGGATTGCAAG
P2-8E,GCAGCTGAAAGAAGAAACAG
P2-8G,GATCACAGAAAAATTTAAAT
P2-8H,GCATGCACCACGTCGAAAAT
P2-9C,GCGCACGCGAATTGTCACAA
P2-9D,AGACCAGAACCCGCCCCATT
P2-9E,CAAACAAGGAGAAGTAAAAC
P2-9F,GGCTCCCTCGCGAGGCAGAC
P2-9G,CCCCGAAATACAATTGACAC
P2-9H,CGGCGAGCAAACTCAAATAA
P3-1A,AGCGAAGCTTTAACCTTTAG
P3-1B,GAGCGAGCATCTTAAAAATA
P3-1C,GTGCTTGGCCTAATGAACAA
P3-1D,AGGAAAGATGAAACAAGCCC
P3-1F,CTCGGAGGTCTGAAGAACCC
P3-1G,ATCCCGCCGGGACAAGACAC
P3-1H,CCTGATGGTCGCAAATGTTC
P3-2A,GCACGACATGACAAATCGCC
P3-2C,GCAGAGCCCCGCACTGAACA
P3-2F,CCTCGGCCCAGGACGGTAAC
P3-2G,AGTTGGAAGACCCACCAAAA
P3-2H,TCACGGCATAAGCTTGAATA
P3-3A,AAAGACAAAATACAATAAGA
P3-3B,GGAAATGCCAGGTACAACGA
P3-3C,GACACGAAAAAAAAATTGAG
P3-3D,AAAGACAAAATACAATAAGA
P3-3F,AGACGCGCCCAAGACAATTC
P3-3G,CGATCCCTAAAATCGATTCC
P3-3H,AACCGTTTCCCATAAGAGGC
P3-4A,AACCGTTTCCCATAAGAGGC
P3-4D,ATGTGTATTTCTGGAAAAAA
P3-4E,GAATAAACATATAATGATAT
P3-4F,GAGTTCGCCCAGGGAGACTA
P3-4G,CCTGATGGTCGCAAATGTTC
P3-4H,GGCCTTAGGTTGAAGCGAAC
P3-5A,GTGCTTGGCCTAATGAACAA
P3-5B,GGACCGAACTCGCTACGCAC
P3-5C,TTAGGCAAGTAATTATAATA
P3-5D,GAGTTGGGGTGGAAAAAACA
P3-5E,GTTGACTACCCCACGGTCGC
P3-5F,AATATGAAACTACACTACAA
P3-5G,CCAATCATAACTCGACGAAC
P3-6A,CGGCGCACCCATACACATGG
P3-6B,ACCAAATCTAAAAGATAAAA
P3-6C,AGGATAAAAGAACAAAGAACA
P3-6D,CAGGATCACCCGTCTCGATT
P3-6E,CGACAAGACAAAAAAGAGTT
P3-6F,GAACGAAGAGATAGAACCAC
P3-6G,ACCCTACCGTAACAATGAGA
P3-7A,GTGCGATGGAAACCAAAGTC
P3-7B,GACATCCGATTGA
P3-7C,AGACTCAAAAGTTGGAAATA
P3-7F,GCGCTATAGAACGTTCAAGA
P3-7G,CACTAAACGACCAAAAACGT
P3-7H,GGCAGTTGGCGGCGAAGAAG
P3-8A,TCAAGGTATTAATAAAAAAA
P3-8B,ACGCTAAGAAAGAATATAAA
P3-8C,CTGGCAATGGTACAGATCGC
P3-8D,ATTTGAGTATCGTAAGGCAC
P3-8E,CCGCTCTCCGCGACACGAAA
P3-8F,CTGCACATCAATATGAAAAC
P3-8H,GGCAGTTGGCGGCGAAGAAG
