experiment,R1_path,R2_path
Acidic-after-1,./12546-MO/fastqs_12546-MO/12546-MO-1_TCTCTCTGTT-TTCTTAACGC_S130_R1_001.fastq.gz,./12546-MO/fastqs_12546-MO/12546-MO-1_TCTCTCTGTT-TTCTTAACGC_S130_R2_001.fastq.gz
Acidic-after-2,./12546-MO/fastqs_12546-MO/12546-MO-1_TCTCTCTGTT-ACCCAGTATG_S131_R1_001.fastq.gz,./12546-MO/fastqs_12546-MO/12546-MO-1_TCTCTCTGTT-ACCCAGTATG_S131_R2_001.fastq.gz
Acidic-after-3,./12546-MO/fastqs_12546-MO/12546-MO-1_TCTCTCTGTT-AACGGCTGGA_S132_R1_001.fastq.gz,./12546-MO/fastqs_12546-MO/12546-MO-1_TCTCTCTGTT-AACGGCTGGA_S132_R2_001.fastq.gz
Acidic-after-4,./12546-MO/fastqs_12546-MO/12546-MO-1_TCTCTCTGTT-ATCGTCCGCG_S133_R1_001.fastq.gz,./12546-MO/fastqs_12546-MO/12546-MO-1_TCTCTCTGTT-ATCGTCCGCG_S133_R2_001.fastq.gz
Acidic-after-5,./12546-MO/fastqs_12546-MO/12546-MO-1_TCTCTCTGTT-AGCAAGGTCT_S134_R1_001.fastq.gz,./12546-MO/fastqs_12546-MO/12546-MO-1_TCTCTCTGTT-AGCAAGGTCT_S134_R2_001.fastq.gz
Acidic-after-6,./12546-MO/fastqs_12546-MO/12546-MO-1_TCTCTCTGTT-ATTCGGTAGT_S135_R1_001.fastq.gz,./12546-MO/fastqs_12546-MO/12546-MO-1_TCTCTCTGTT-ATTCGGTAGT_S135_R2_001.fastq.gz
Acidic-after-7,./12546-MO/fastqs_12546-MO/12546-MO-1_TCTCTCTGTT-TCTAAACCCT_S136_R1_001.fastq.gz,./12546-MO/fastqs_12546-MO/12546-MO-1_TCTCTCTGTT-TCTAAACCCT_S136_R2_001.fastq.gz
Acidic-after-8,./12546-MO/fastqs_12546-MO/12546-MO-1_TCTCTCTGTT-TAGAGAATGC_S137_R1_001.fastq.gz,./12546-MO/fastqs_12546-MO/12546-MO-1_TCTCTCTGTT-TAGAGAATGC_S137_R2_001.fastq.gz
Caffeine-after-1,./12546-MO/fastqs_12546-MO/12546-MO-1_GTTCGGAATT-TTCTTAACGC_S138_R1_001.fastq.gz,./12546-MO/fastqs_12546-MO/12546-MO-1_GTTCGGAATT-TTCTTAACGC_S138_R2_001.fastq.gz
Caffeine-after-2,./12546-MO/fastqs_12546-MO/12546-MO-1_GTTCGGAATT-ACCCAGTATG_S139_R1_001.fastq.gz,./12546-MO/fastqs_12546-MO/12546-MO-1_GTTCGGAATT-ACCCAGTATG_S139_R2_001.fastq.gz
Caffeine-after-3,./12546-MO/fastqs_12546-MO/12546-MO-1_GTTCGGAATT-AACGGCTGGA_S140_R1_001.fastq.gz,./12546-MO/fastqs_12546-MO/12546-MO-1_GTTCGGAATT-AACGGCTGGA_S140_R2_001.fastq.gz
Caffeine-after-4,./12546-MO/fastqs_12546-MO/12546-MO-1_GTTCGGAATT-ATCGTCCGCG_S141_R1_001.fastq.gz,./12546-MO/fastqs_12546-MO/12546-MO-1_GTTCGGAATT-ATCGTCCGCG_S141_R2_001.fastq.gz
Caffeine-after-5,./12546-MO/fastqs_12546-MO/12546-MO-1_GTTCGGAATT-AGCAAGGTCT_S142_R1_001.fastq.gz,./12546-MO/fastqs_12546-MO/12546-MO-1_GTTCGGAATT-AGCAAGGTCT_S142_R2_001.fastq.gz
Caffeine-after-6,./12546-MO/fastqs_12546-MO/12546-MO-1_GTTCGGAATT-ATTCGGTAGT_S143_R1_001.fastq.gz,./12546-MO/fastqs_12546-MO/12546-MO-1_GTTCGGAATT-ATTCGGTAGT_S143_R2_001.fastq.gz
Caffeine-after-7,./12546-MO/fastqs_12546-MO/12546-MO-1_GTTCGGAATT-TCTAAACCCT_S144_R1_001.fastq.gz,./12546-MO/fastqs_12546-MO/12546-MO-1_GTTCGGAATT-TCTAAACCCT_S144_R2_001.fastq.gz
Caffeine-after-8,./12546-MO/fastqs_12546-MO/12546-MO-1_GTTCGGAATT-TAGAGAATGC_S145_R1_001.fastq.gz,./12546-MO/fastqs_12546-MO/12546-MO-1_GTTCGGAATT-TAGAGAATGC_S145_R2_001.fastq.gz
H2O2-after-1,./12546-MO/fastqs_12546-MO/12546-MO-1_TGCGTACTAA-TTCTTAACGC_S146_R1_001.fastq.gz,./12546-MO/fastqs_12546-MO/12546-MO-1_TGCGTACTAA-TTCTTAACGC_S146_R2_001.fastq.gz
H2O2-after-2,./12546-MO/fastqs_12546-MO/12546-MO-1_TGCGTACTAA-ACCCAGTATG_S147_R1_001.fastq.gz,./12546-MO/fastqs_12546-MO/12546-MO-1_TGCGTACTAA-ACCCAGTATG_S147_R2_001.fastq.gz
H2O2-after-3,./12546-MO/fastqs_12546-MO/12546-MO-1_TGCGTACTAA-AACGGCTGGA_S148_R1_001.fastq.gz,./12546-MO/fastqs_12546-MO/12546-MO-1_TGCGTACTAA-AACGGCTGGA_S148_R2_001.fastq.gz
H2O2-after-4,./12546-MO/fastqs_12546-MO/12546-MO-1_TGCGTACTAA-ATCGTCCGCG_S149_R1_001.fastq.gz,./12546-MO/fastqs_12546-MO/12546-MO-1_TGCGTACTAA-ATCGTCCGCG_S149_R2_001.fastq.gz
H2O2-after-5,./12546-MO/fastqs_12546-MO/12546-MO-1_TGCGTACTAA-AGCAAGGTCT_S150_R1_001.fastq.gz,./12546-MO/fastqs_12546-MO/12546-MO-1_TGCGTACTAA-AGCAAGGTCT_S150_R2_001.fastq.gz
H2O2-after-6,./12546-MO/fastqs_12546-MO/12546-MO-1_TGCGTACTAA-ATTCGGTAGT_S151_R1_001.fastq.gz,./12546-MO/fastqs_12546-MO/12546-MO-1_TGCGTACTAA-ATTCGGTAGT_S151_R2_001.fastq.gz
H2O2-after-7,./12546-MO/fastqs_12546-MO/12546-MO-1_TGCGTACTAA-TCTAAACCCT_S152_R1_001.fastq.gz,./12546-MO/fastqs_12546-MO/12546-MO-1_TGCGTACTAA-TCTAAACCCT_S152_R2_001.fastq.gz
H2O2-after-8,./12546-MO/fastqs_12546-MO/12546-MO-1_TGCGTACTAA-TAGAGAATGC_S153_R1_001.fastq.gz,./12546-MO/fastqs_12546-MO/12546-MO-1_TGCGTACTAA-TAGAGAATGC_S153_R2_001.fastq.gz
LOH-pool-1,./12546-MO/fastqs_12546-MO/12546-MO-1_CTATCGGAGT-TTCTTAACGC_S154_R1_001.fastq.gz,./12546-MO/fastqs_12546-MO/12546-MO-1_CTATCGGAGT-TTCTTAACGC_S154_R2_001.fastq.gz
LOH-pool-2,./12546-MO/fastqs_12546-MO/12546-MO-1_CTATCGGAGT-ACCCAGTATG_S155_R1_001.fastq.gz,./12546-MO/fastqs_12546-MO/12546-MO-1_CTATCGGAGT-ACCCAGTATG_S155_R2_001.fastq.gz
LOH-pool-3,./12546-MO/fastqs_12546-MO/12546-MO-1_CTATCGGAGT-AACGGCTGGA_S156_R1_001.fastq.gz,./12546-MO/fastqs_12546-MO/12546-MO-1_CTATCGGAGT-AACGGCTGGA_S156_R2_001.fastq.gz
LOH-pool-4,./12546-MO/fastqs_12546-MO/12546-MO-1_CTATCGGAGT-ATCGTCCGCG_S157_R1_001.fastq.gz,./12546-MO/fastqs_12546-MO/12546-MO-1_CTATCGGAGT-ATCGTCCGCG_S157_R2_001.fastq.gz
LOH-pool-5,./12546-MO/fastqs_12546-MO/12546-MO-1_CTATCGGAGT-AGCAAGGTCT_S158_R1_001.fastq.gz,./12546-MO/fastqs_12546-MO/12546-MO-1_CTATCGGAGT-AGCAAGGTCT_S158_R2_001.fastq.gz
LOH-pool-6,./12546-MO/fastqs_12546-MO/12546-MO-1_CTATCGGAGT-ATTCGGTAGT_S159_R1_001.fastq.gz,./12546-MO/fastqs_12546-MO/12546-MO-1_CTATCGGAGT-ATTCGGTAGT_S159_R2_001.fastq.gz
LOH-pool-7,./12546-MO/fastqs_12546-MO/12546-MO-1_CTATCGGAGT-TCTAAACCCT_S160_R1_001.fastq.gz,./12546-MO/fastqs_12546-MO/12546-MO-1_CTATCGGAGT-TCTAAACCCT_S160_R2_001.fastq.gz
LOH-pool-8,./12546-MO/fastqs_12546-MO/12546-MO-1_CTATCGGAGT-TAGAGAATGC_S161_R1_001.fastq.gz,./12546-MO/fastqs_12546-MO/12546-MO-1_CTATCGGAGT-TAGAGAATGC_S161_R2_001.fastq.gz
SC-after-1,./12546-MO/fastqs_12546-MO/12546-MO-1_AACTTCGTAA-TTCTTAACGC_S162_R1_001.fastq.gz,./12546-MO/fastqs_12546-MO/12546-MO-1_AACTTCGTAA-TTCTTAACGC_S162_R2_001.fastq.gz
SC-after-2,./12546-MO/fastqs_12546-MO/12546-MO-1_AACTTCGTAA-ACCCAGTATG_S163_R1_001.fastq.gz,./12546-MO/fastqs_12546-MO/12546-MO-1_AACTTCGTAA-ACCCAGTATG_S163_R2_001.fastq.gz
SC-after-3,./12546-MO/fastqs_12546-MO/12546-MO-1_AACTTCGTAA-AACGGCTGGA_S164_R1_001.fastq.gz,./12546-MO/fastqs_12546-MO/12546-MO-1_AACTTCGTAA-AACGGCTGGA_S164_R2_001.fastq.gz
SC-after-4,./12546-MO/fastqs_12546-MO/12546-MO-1_AACTTCGTAA-ATCGTCCGCG_S165_R1_001.fastq.gz,./12546-MO/fastqs_12546-MO/12546-MO-1_AACTTCGTAA-ATCGTCCGCG_S165_R2_001.fastq.gz
SC-after-5,./12546-MO/fastqs_12546-MO/12546-MO-1_AACTTCGTAA-AGCAAGGTCT_S166_R1_001.fastq.gz,./12546-MO/fastqs_12546-MO/12546-MO-1_AACTTCGTAA-AGCAAGGTCT_S166_R2_001.fastq.gz
SC-after-6,./12546-MO/fastqs_12546-MO/12546-MO-1_AACTTCGTAA-ATTCGGTAGT_S167_R1_001.fastq.gz,./12546-MO/fastqs_12546-MO/12546-MO-1_AACTTCGTAA-ATTCGGTAGT_S167_R2_001.fastq.gz
SC-after-7,./12546-MO/fastqs_12546-MO/12546-MO-1_AACTTCGTAA-TCTAAACCCT_S168_R1_001.fastq.gz,./12546-MO/fastqs_12546-MO/12546-MO-1_AACTTCGTAA-TCTAAACCCT_S168_R2_001.fastq.gz
SC-after-8,./12546-MO/fastqs_12546-MO/12546-MO-1_AACTTCGTAA-TAGAGAATGC_S169_R1_001.fastq.gz,./12546-MO/fastqs_12546-MO/12546-MO-1_AACTTCGTAA-TAGAGAATGC_S169_R2_001.fastq.gz
Worm-pool-1,./12546-MO/fastqs_12546-MO/12546-MO-1_CTTCAGTGTG-TTCTTAACGC_S170_R1_001.fastq.gz,./12546-MO/fastqs_12546-MO/12546-MO-1_CTTCAGTGTG-TTCTTAACGC_S170_R2_001.fastq.gz
Worm-pool-2,./12546-MO/fastqs_12546-MO/12546-MO-1_CTTCAGTGTG-ACCCAGTATG_S171_R1_001.fastq.gz,./12546-MO/fastqs_12546-MO/12546-MO-1_CTTCAGTGTG-ACCCAGTATG_S171_R2_001.fastq.gz
Worm-pool-3,./12546-MO/fastqs_12546-MO/12546-MO-1_CTTCAGTGTG-AACGGCTGGA_S172_R1_001.fastq.gz,./12546-MO/fastqs_12546-MO/12546-MO-1_CTTCAGTGTG-AACGGCTGGA_S172_R2_001.fastq.gz
Worm-pool-4,./12546-MO/fastqs_12546-MO/12546-MO-1_CTTCAGTGTG-ATCGTCCGCG_S173_R1_001.fastq.gz,./12546-MO/fastqs_12546-MO/12546-MO-1_CTTCAGTGTG-ATCGTCCGCG_S173_R2_001.fastq.gz
Worm-pool-5,./12546-MO/fastqs_12546-MO/12546-MO-1_CTTCAGTGTG-AGCAAGGTCT_S174_R1_001.fastq.gz,./12546-MO/fastqs_12546-MO/12546-MO-1_CTTCAGTGTG-AGCAAGGTCT_S174_R2_001.fastq.gz
Worm-pool-6,./12546-MO/fastqs_12546-MO/12546-MO-1_CTTCAGTGTG-ATTCGGTAGT_S175_R1_001.fastq.gz,./12546-MO/fastqs_12546-MO/12546-MO-1_CTTCAGTGTG-ATTCGGTAGT_S175_R2_001.fastq.gz
Worm-pool-7,./12546-MO/fastqs_12546-MO/12546-MO-1_CTTCAGTGTG-TCTAAACCCT_S176_R1_001.fastq.gz,./12546-MO/fastqs_12546-MO/12546-MO-1_CTTCAGTGTG-TCTAAACCCT_S176_R2_001.fastq.gz
Worm-pool-8,./12546-MO/fastqs_12546-MO/12546-MO-1_CTTCAGTGTG-TAGAGAATGC_S177_R1_001.fastq.gz,./12546-MO/fastqs_12546-MO/12546-MO-1_CTTCAGTGTG-TAGAGAATGC_S177_R2_001.fastq.gz
YPD-30C-after-2,./12546-MO/fastqs_12546-MO/12546-MO-1_ACATGGCCTA-ACCCAGTATG_S178_R1_001.fastq.gz,./12546-MO/fastqs_12546-MO/12546-MO-1_ACATGGCCTA-ACCCAGTATG_S178_R2_001.fastq.gz
YPD-30C-after-1,./12546-MO/fastqs_12546-MO/12546-MO-1_ACATGGCCTA-TTCTTAACGC_S179_R1_001.fastq.gz,./12546-MO/fastqs_12546-MO/12546-MO-1_ACATGGCCTA-TTCTTAACGC_S179_R2_001.fastq.gz
YPD-30C-after-3,./12546-MO/fastqs_12546-MO/12546-MO-1_ACATGGCCTA-AACGGCTGGA_S180_R1_001.fastq.gz,./12546-MO/fastqs_12546-MO/12546-MO-1_ACATGGCCTA-AACGGCTGGA_S180_R2_001.fastq.gz
YPD-30C-after-4,./12546-MO/fastqs_12546-MO/12546-MO-1_ACATGGCCTA-ATCGTCCGCG_S181_R1_001.fastq.gz,./12546-MO/fastqs_12546-MO/12546-MO-1_ACATGGCCTA-ATCGTCCGCG_S181_R2_001.fastq.gz
YPD-30C-after-5,./12546-MO/fastqs_12546-MO/12546-MO-1_ACATGGCCTA-AGCAAGGTCT_S182_R1_001.fastq.gz,./12546-MO/fastqs_12546-MO/12546-MO-1_ACATGGCCTA-AGCAAGGTCT_S182_R2_001.fastq.gz
YPD-30C-after-6,./12546-MO/fastqs_12546-MO/12546-MO-1_ACATGGCCTA-ATTCGGTAGT_S183_R1_001.fastq.gz,./12546-MO/fastqs_12546-MO/12546-MO-1_ACATGGCCTA-ATTCGGTAGT_S183_R2_001.fastq.gz
YPD-30C-after-7,./12546-MO/fastqs_12546-MO/12546-MO-1_ACATGGCCTA-TCTAAACCCT_S184_R1_001.fastq.gz,./12546-MO/fastqs_12546-MO/12546-MO-1_ACATGGCCTA-TCTAAACCCT_S184_R2_001.fastq.gz
YPD-30C-after-8,./12546-MO/fastqs_12546-MO/12546-MO-1_ACATGGCCTA-TAGAGAATGC_S185_R1_001.fastq.gz,./12546-MO/fastqs_12546-MO/12546-MO-1_ACATGGCCTA-TAGAGAATGC_S185_R2_001.fastq.gz
YPD-30C-after-35cyc-1,./12546-MO/fastqs_12546-MO/12546-MO-1_TGTCAGATTC-AGCAAGGTCT_S186_R1_001.fastq.gz,./12546-MO/fastqs_12546-MO/12546-MO-1_TGTCAGATTC-AGCAAGGTCT_S186_R2_001.fastq.gz
YPD-30C-after-35cyc-2,./12546-MO/fastqs_12546-MO/12546-MO-1_CTATCGGAGT-AAGCTGCCTA_S187_R1_001.fastq.gz,./12546-MO/fastqs_12546-MO/12546-MO-1_CTATCGGAGT-AAGCTGCCTA_S187_R2_001.fastq.gz
YPD-30C-after-35cyc-3,./12546-MO/fastqs_12546-MO/12546-MO-1_CTATCGGAGT-ATTTGTGGGT_S188_R1_001.fastq.gz,./12546-MO/fastqs_12546-MO/12546-MO-1_CTATCGGAGT-ATTTGTGGGT_S188_R2_001.fastq.gz
YPD-30C-after-35cyc-4,./12546-MO/fastqs_12546-MO/12546-MO-1_CTATCGGAGT-TACATGGAGC_S189_R1_001.fastq.gz,./12546-MO/fastqs_12546-MO/12546-MO-1_CTATCGGAGT-TACATGGAGC_S189_R2_001.fastq.gz
YPD-30C-after-35cyc-5,./12546-MO/fastqs_12546-MO/12546-MO-1_CTATCGGAGT-GCCTCAGCAG_S190_R1_001.fastq.gz,./12546-MO/fastqs_12546-MO/12546-MO-1_CTATCGGAGT-GCCTCAGCAG_S190_R2_001.fastq.gz
YPD-30C-after-35cyc-6,./12546-MO/fastqs_12546-MO/12546-MO-1_CTATCGGAGT-AGTCGAACGA_S191_R1_001.fastq.gz,./12546-MO/fastqs_12546-MO/12546-MO-1_CTATCGGAGT-AGTCGAACGA_S191_R2_001.fastq.gz
YPD-30C-after-35cyc-7,./12546-MO/fastqs_12546-MO/12546-MO-1_CTATCGGAGT-GGTTGCCCTG_S192_R1_001.fastq.gz,./12546-MO/fastqs_12546-MO/12546-MO-1_CTATCGGAGT-GGTTGCCCTG_S192_R2_001.fastq.gz
YPD-30C-after-35cyc-8,./12546-MO/fastqs_12546-MO/12546-MO-1_CTATCGGAGT-ATCTTGGAGT_S193_R1_001.fastq.gz,./12546-MO/fastqs_12546-MO/12546-MO-1_CTATCGGAGT-ATCTTGGAGT_S193_R2_001.fastq.gz
YPD-37C-after-1,./12546-MO/fastqs_12546-MO/12546-MO-1_AAGGCTCAGC-TTCTTAACGC_S194_R1_001.fastq.gz,./12546-MO/fastqs_12546-MO/12546-MO-1_AAGGCTCAGC-TTCTTAACGC_S194_R2_001.fastq.gz
YPD-37C-after-2,./12546-MO/fastqs_12546-MO/12546-MO-1_AAGGCTCAGC-ACCCAGTATG_S195_R1_001.fastq.gz,./12546-MO/fastqs_12546-MO/12546-MO-1_AAGGCTCAGC-ACCCAGTATG_S195_R2_001.fastq.gz
YPD-37C-after-3,./12546-MO/fastqs_12546-MO/12546-MO-1_AAGGCTCAGC-AACGGCTGGA_S196_R1_001.fastq.gz,./12546-MO/fastqs_12546-MO/12546-MO-1_AAGGCTCAGC-AACGGCTGGA_S196_R2_001.fastq.gz
YPD-37C-after-4,./12546-MO/fastqs_12546-MO/12546-MO-1_AAGGCTCAGC-ATCGTCCGCG_S197_R1_001.fastq.gz,./12546-MO/fastqs_12546-MO/12546-MO-1_AAGGCTCAGC-ATCGTCCGCG_S197_R2_001.fastq.gz
YPD-37C-after-5,./12546-MO/fastqs_12546-MO/12546-MO-1_AAGGCTCAGC-AGCAAGGTCT_S198_R1_001.fastq.gz,./12546-MO/fastqs_12546-MO/12546-MO-1_AAGGCTCAGC-AGCAAGGTCT_S198_R2_001.fastq.gz
YPD-37C-after-6,./12546-MO/fastqs_12546-MO/12546-MO-1_AAGGCTCAGC-ATTCGGTAGT_S199_R1_001.fastq.gz,./12546-MO/fastqs_12546-MO/12546-MO-1_AAGGCTCAGC-ATTCGGTAGT_S199_R2_001.fastq.gz
YPD-37C-after-7,./12546-MO/fastqs_12546-MO/12546-MO-1_AAGGCTCAGC-TCTAAACCCT_S200_R1_001.fastq.gz,./12546-MO/fastqs_12546-MO/12546-MO-1_AAGGCTCAGC-TCTAAACCCT_S200_R2_001.fastq.gz
YPD-37C-after-8,./12546-MO/fastqs_12546-MO/12546-MO-1_AAGGCTCAGC-TAGAGAATGC_S201_R1_001.fastq.gz,./12546-MO/fastqs_12546-MO/12546-MO-1_AAGGCTCAGC-TAGAGAATGC_S201_R2_001.fastq.gz
worm-20C-1,./12546-MO/fastqs_12546-MO/12546-MO-1_TGCCAACCAG-TTCTTAACGC_S202_R1_001.fastq.gz,./12546-MO/fastqs_12546-MO/12546-MO-1_TGCCAACCAG-TTCTTAACGC_S202_R2_001.fastq.gz
worm-20C-2,./12546-MO/fastqs_12546-MO/12546-MO-1_TGCCAACCAG-ACCCAGTATG_S203_R1_001.fastq.gz,./12546-MO/fastqs_12546-MO/12546-MO-1_TGCCAACCAG-ACCCAGTATG_S203_R2_001.fastq.gz
worm-20C-3,./12546-MO/fastqs_12546-MO/12546-MO-1_TGCCAACCAG-AACGGCTGGA_S204_R1_001.fastq.gz,./12546-MO/fastqs_12546-MO/12546-MO-1_TGCCAACCAG-AACGGCTGGA_S204_R2_001.fastq.gz
worm-20C-4,./12546-MO/fastqs_12546-MO/12546-MO-1_TGCCAACCAG-ATCGTCCGCG_S205_R1_001.fastq.gz,./12546-MO/fastqs_12546-MO/12546-MO-1_TGCCAACCAG-ATCGTCCGCG_S205_R2_001.fastq.gz
worm-20C-5,./12546-MO/fastqs_12546-MO/12546-MO-1_TGCCAACCAG-AGCAAGGTCT_S206_R1_001.fastq.gz,./12546-MO/fastqs_12546-MO/12546-MO-1_TGCCAACCAG-AGCAAGGTCT_S206_R2_001.fastq.gz
worm-20C-6,./12546-MO/fastqs_12546-MO/12546-MO-1_TGCCAACCAG-ATTCGGTAGT_S207_R1_001.fastq.gz,./12546-MO/fastqs_12546-MO/12546-MO-1_TGCCAACCAG-ATTCGGTAGT_S207_R2_001.fastq.gz
worm-20C-7,./12546-MO/fastqs_12546-MO/12546-MO-1_TGCCAACCAG-TCTAAACCCT_S208_R1_001.fastq.gz,./12546-MO/fastqs_12546-MO/12546-MO-1_TGCCAACCAG-TCTAAACCCT_S208_R2_001.fastq.gz
worm-20C-8,./12546-MO/fastqs_12546-MO/12546-MO-1_TGCCAACCAG-TAGAGAATGC_S209_R1_001.fastq.gz,./12546-MO/fastqs_12546-MO/12546-MO-1_TGCCAACCAG-TAGAGAATGC_S209_R2_001.fastq.gz
worm-20C-9,./12546-MO/fastqs_12546-MO/12546-MO-1_TAAGAAGCAG-TTCTTAACGC_S210_R1_001.fastq.gz,./12546-MO/fastqs_12546-MO/12546-MO-1_TAAGAAGCAG-TTCTTAACGC_S210_R2_001.fastq.gz
worm-20C-10,./12546-MO/fastqs_12546-MO/12546-MO-1_TAAGAAGCAG-ACCCAGTATG_S211_R1_001.fastq.gz,./12546-MO/fastqs_12546-MO/12546-MO-1_TAAGAAGCAG-ACCCAGTATG_S211_R2_001.fastq.gz
worm-37C-60,./12546-MO/fastqs_12546-MO/12546-MO-1_TAAGAAGCAG-AGCAAGGTCT_S212_R1_001.fastq.gz,./12546-MO/fastqs_12546-MO/12546-MO-1_TAAGAAGCAG-AGCAAGGTCT_S212_R2_001.fastq.gz
worm-37C-61,./12546-MO/fastqs_12546-MO/12546-MO-1_TAAGAAGCAG-ATTCGGTAGT_S213_R1_001.fastq.gz,./12546-MO/fastqs_12546-MO/12546-MO-1_TAAGAAGCAG-ATTCGGTAGT_S213_R2_001.fastq.gz
worm-37C-62,./12546-MO/fastqs_12546-MO/12546-MO-1_TAAGAAGCAG-TCTAAACCCT_S214_R1_001.fastq.gz,./12546-MO/fastqs_12546-MO/12546-MO-1_TAAGAAGCAG-TCTAAACCCT_S214_R2_001.fastq.gz
worm-37C-63,./12546-MO/fastqs_12546-MO/12546-MO-1_TAAGAAGCAG-TAGAGAATGC_S215_R1_001.fastq.gz,./12546-MO/fastqs_12546-MO/12546-MO-1_TAAGAAGCAG-TAGAGAATGC_S215_R2_001.fastq.gz
worm-37C-67,./12546-MO/fastqs_12546-MO/12546-MO-1_TGTCAGATTC-ATCGTCCGCG_S216_R1_001.fastq.gz,./12546-MO/fastqs_12546-MO/12546-MO-1_TGTCAGATTC-ATCGTCCGCG_S216_R2_001.fastq.gz
