Project,Sample_ID,Description,Barcode,CF_Sample_ID,Pool.Id,# Reads,path
12546-MO,12546-MO-1_TCTCTCTGTT-TTCTTAACGC,Acidic-after-1,TCTCTCTGTT-TTCTTAACGC,12546-MO-1-UM-WS,12546-MO-1-UM-WS,7847800,12546-MO/12546-MO-1_TCTCTCTGTT-TTCTTAACGC
12546-MO,12546-MO-1_TCTCTCTGTT-ACCCAGTATG,Acidic-after-2,TCTCTCTGTT-ACCCAGTATG,12546-MO-1-UM-WS,12546-MO-1-UM-WS,6656125,12546-MO/12546-MO-1_TCTCTCTGTT-ACCCAGTATG
12546-MO,12546-MO-1_TCTCTCTGTT-AACGGCTGGA,Acidic-after-3,TCTCTCTGTT-AACGGCTGGA,12546-MO-1-UM-WS,12546-MO-1-UM-WS,8890395,12546-MO/12546-MO-1_TCTCTCTGTT-AACGGCTGGA
12546-MO,12546-MO-1_TCTCTCTGTT-ATCGTCCGCG,Acidic-after-4,TCTCTCTGTT-ATCGTCCGCG,12546-MO-1-UM-WS,12546-MO-1-UM-WS,10272251,12546-MO/12546-MO-1_TCTCTCTGTT-ATCGTCCGCG
12546-MO,12546-MO-1_TCTCTCTGTT-AGCAAGGTCT,Acidic-after-5,TCTCTCTGTT-AGCAAGGTCT,12546-MO-1-UM-WS,12546-MO-1-UM-WS,8015213,12546-MO/12546-MO-1_TCTCTCTGTT-AGCAAGGTCT
12546-MO,12546-MO-1_TCTCTCTGTT-ATTCGGTAGT,Acidic-after-6,TCTCTCTGTT-ATTCGGTAGT,12546-MO-1-UM-WS,12546-MO-1-UM-WS,10878154,12546-MO/12546-MO-1_TCTCTCTGTT-ATTCGGTAGT
12546-MO,12546-MO-1_TCTCTCTGTT-TCTAAACCCT,Acidic-after-7,TCTCTCTGTT-TCTAAACCCT,12546-MO-1-UM-WS,12546-MO-1-UM-WS,9131167,12546-MO/12546-MO-1_TCTCTCTGTT-TCTAAACCCT
12546-MO,12546-MO-1_TCTCTCTGTT-TAGAGAATGC,Acidic-after-8,TCTCTCTGTT-TAGAGAATGC,12546-MO-1-UM-WS,12546-MO-1-UM-WS,11549257,12546-MO/12546-MO-1_TCTCTCTGTT-TAGAGAATGC
12546-MO,12546-MO-1_GTTCGGAATT-TTCTTAACGC,Caffeine-after-1,GTTCGGAATT-TTCTTAACGC,12546-MO-1-UM-WS,12546-MO-1-UM-WS,10187670,12546-MO/12546-MO-1_GTTCGGAATT-TTCTTAACGC
12546-MO,12546-MO-1_GTTCGGAATT-ACCCAGTATG,Caffeine-after-2,GTTCGGAATT-ACCCAGTATG,12546-MO-1-UM-WS,12546-MO-1-UM-WS,12011869,12546-MO/12546-MO-1_GTTCGGAATT-ACCCAGTATG
12546-MO,12546-MO-1_GTTCGGAATT-AACGGCTGGA,Caffeine-after-3,GTTCGGAATT-AACGGCTGGA,12546-MO-1-UM-WS,12546-MO-1-UM-WS,9619003,12546-MO/12546-MO-1_GTTCGGAATT-AACGGCTGGA
12546-MO,12546-MO-1_GTTCGGAATT-ATCGTCCGCG,Caffeine-after-4,GTTCGGAATT-ATCGTCCGCG,12546-MO-1-UM-WS,12546-MO-1-UM-WS,13212938,12546-MO/12546-MO-1_GTTCGGAATT-ATCGTCCGCG
12546-MO,12546-MO-1_GTTCGGAATT-AGCAAGGTCT,Caffeine-after-5,GTTCGGAATT-AGCAAGGTCT,12546-MO-1-UM-WS,12546-MO-1-UM-WS,9268737,12546-MO/12546-MO-1_GTTCGGAATT-AGCAAGGTCT
12546-MO,12546-MO-1_GTTCGGAATT-ATTCGGTAGT,Caffeine-after-6,GTTCGGAATT-ATTCGGTAGT,12546-MO-1-UM-WS,12546-MO-1-UM-WS,15054784,12546-MO/12546-MO-1_GTTCGGAATT-ATTCGGTAGT
12546-MO,12546-MO-1_GTTCGGAATT-TCTAAACCCT,Caffeine-after-7,GTTCGGAATT-TCTAAACCCT,12546-MO-1-UM-WS,12546-MO-1-UM-WS,11078877,12546-MO/12546-MO-1_GTTCGGAATT-TCTAAACCCT
12546-MO,12546-MO-1_GTTCGGAATT-TAGAGAATGC,Caffeine-after-8,GTTCGGAATT-TAGAGAATGC,12546-MO-1-UM-WS,12546-MO-1-UM-WS,15610095,12546-MO/12546-MO-1_GTTCGGAATT-TAGAGAATGC
12546-MO,12546-MO-1_TGCGTACTAA-TTCTTAACGC,H2O2-after-1,TGCGTACTAA-TTCTTAACGC,12546-MO-1-UM-WS,12546-MO-1-UM-WS,10665295,12546-MO/12546-MO-1_TGCGTACTAA-TTCTTAACGC
12546-MO,12546-MO-1_TGCGTACTAA-ACCCAGTATG,H2O2-after-2,TGCGTACTAA-ACCCAGTATG,12546-MO-1-UM-WS,12546-MO-1-UM-WS,12068686,12546-MO/12546-MO-1_TGCGTACTAA-ACCCAGTATG
12546-MO,12546-MO-1_TGCGTACTAA-AACGGCTGGA,H2O2-after-3,TGCGTACTAA-AACGGCTGGA,12546-MO-1-UM-WS,12546-MO-1-UM-WS,9730390,12546-MO/12546-MO-1_TGCGTACTAA-AACGGCTGGA
12546-MO,12546-MO-1_TGCGTACTAA-ATCGTCCGCG,H2O2-after-4,TGCGTACTAA-ATCGTCCGCG,12546-MO-1-UM-WS,12546-MO-1-UM-WS,10196126,12546-MO/12546-MO-1_TGCGTACTAA-ATCGTCCGCG
12546-MO,12546-MO-1_TGCGTACTAA-AGCAAGGTCT,H2O2-after-5,TGCGTACTAA-AGCAAGGTCT,12546-MO-1-UM-WS,12546-MO-1-UM-WS,9343568,12546-MO/12546-MO-1_TGCGTACTAA-AGCAAGGTCT
12546-MO,12546-MO-1_TGCGTACTAA-ATTCGGTAGT,H2O2-after-6,TGCGTACTAA-ATTCGGTAGT,12546-MO-1-UM-WS,12546-MO-1-UM-WS,7527180,12546-MO/12546-MO-1_TGCGTACTAA-ATTCGGTAGT
12546-MO,12546-MO-1_TGCGTACTAA-TCTAAACCCT,H2O2-after-7,TGCGTACTAA-TCTAAACCCT,12546-MO-1-UM-WS,12546-MO-1-UM-WS,5873730,12546-MO/12546-MO-1_TGCGTACTAA-TCTAAACCCT
12546-MO,12546-MO-1_TGCGTACTAA-TAGAGAATGC,H2O2-after-8,TGCGTACTAA-TAGAGAATGC,12546-MO-1-UM-WS,12546-MO-1-UM-WS,12493081,12546-MO/12546-MO-1_TGCGTACTAA-TAGAGAATGC
12546-MO,12546-MO-1_CTATCGGAGT-TTCTTAACGC,LOH-pool-1,CTATCGGAGT-TTCTTAACGC,12546-MO-1-UM-WS,12546-MO-1-UM-WS,13918434,12546-MO/12546-MO-1_CTATCGGAGT-TTCTTAACGC
12546-MO,12546-MO-1_CTATCGGAGT-ACCCAGTATG,LOH-pool-2,CTATCGGAGT-ACCCAGTATG,12546-MO-1-UM-WS,12546-MO-1-UM-WS,13414165,12546-MO/12546-MO-1_CTATCGGAGT-ACCCAGTATG
12546-MO,12546-MO-1_CTATCGGAGT-AACGGCTGGA,LOH-pool-3,CTATCGGAGT-AACGGCTGGA,12546-MO-1-UM-WS,12546-MO-1-UM-WS,11516188,12546-MO/12546-MO-1_CTATCGGAGT-AACGGCTGGA
12546-MO,12546-MO-1_CTATCGGAGT-ATCGTCCGCG,LOH-pool-4,CTATCGGAGT-ATCGTCCGCG,12546-MO-1-UM-WS,12546-MO-1-UM-WS,11604935,12546-MO/12546-MO-1_CTATCGGAGT-ATCGTCCGCG
12546-MO,12546-MO-1_CTATCGGAGT-AGCAAGGTCT,LOH-pool-5,CTATCGGAGT-AGCAAGGTCT,12546-MO-1-UM-WS,12546-MO-1-UM-WS,13297742,12546-MO/12546-MO-1_CTATCGGAGT-AGCAAGGTCT
12546-MO,12546-MO-1_CTATCGGAGT-ATTCGGTAGT,LOH-pool-6,CTATCGGAGT-ATTCGGTAGT,12546-MO-1-UM-WS,12546-MO-1-UM-WS,10997045,12546-MO/12546-MO-1_CTATCGGAGT-ATTCGGTAGT
12546-MO,12546-MO-1_CTATCGGAGT-TCTAAACCCT,LOH-pool-7,CTATCGGAGT-TCTAAACCCT,12546-MO-1-UM-WS,12546-MO-1-UM-WS,8810510,12546-MO/12546-MO-1_CTATCGGAGT-TCTAAACCCT
12546-MO,12546-MO-1_CTATCGGAGT-TAGAGAATGC,LOH-pool-8,CTATCGGAGT-TAGAGAATGC,12546-MO-1-UM-WS,12546-MO-1-UM-WS,17784806,12546-MO/12546-MO-1_CTATCGGAGT-TAGAGAATGC
12546-MO,12546-MO-1_AACTTCGTAA-TTCTTAACGC,SC-after-1,AACTTCGTAA-TTCTTAACGC,12546-MO-1-UM-WS,12546-MO-1-UM-WS,2205675,12546-MO/12546-MO-1_AACTTCGTAA-TTCTTAACGC
12546-MO,12546-MO-1_AACTTCGTAA-ACCCAGTATG,SC-after-2,AACTTCGTAA-ACCCAGTATG,12546-MO-1-UM-WS,12546-MO-1-UM-WS,2932302,12546-MO/12546-MO-1_AACTTCGTAA-ACCCAGTATG
12546-MO,12546-MO-1_AACTTCGTAA-AACGGCTGGA,SC-after-3,AACTTCGTAA-AACGGCTGGA,12546-MO-1-UM-WS,12546-MO-1-UM-WS,3385301,12546-MO/12546-MO-1_AACTTCGTAA-AACGGCTGGA
12546-MO,12546-MO-1_AACTTCGTAA-ATCGTCCGCG,SC-after-4,AACTTCGTAA-ATCGTCCGCG,12546-MO-1-UM-WS,12546-MO-1-UM-WS,1876905,12546-MO/12546-MO-1_AACTTCGTAA-ATCGTCCGCG
12546-MO,12546-MO-1_AACTTCGTAA-AGCAAGGTCT,SC-after-5,AACTTCGTAA-AGCAAGGTCT,12546-MO-1-UM-WS,12546-MO-1-UM-WS,2983979,12546-MO/12546-MO-1_AACTTCGTAA-AGCAAGGTCT
12546-MO,12546-MO-1_AACTTCGTAA-ATTCGGTAGT,SC-after-6,AACTTCGTAA-ATTCGGTAGT,12546-MO-1-UM-WS,12546-MO-1-UM-WS,2565380,12546-MO/12546-MO-1_AACTTCGTAA-ATTCGGTAGT
12546-MO,12546-MO-1_AACTTCGTAA-TCTAAACCCT,SC-after-7,AACTTCGTAA-TCTAAACCCT,12546-MO-1-UM-WS,12546-MO-1-UM-WS,2398459,12546-MO/12546-MO-1_AACTTCGTAA-TCTAAACCCT
12546-MO,12546-MO-1_AACTTCGTAA-TAGAGAATGC,SC-after-8,AACTTCGTAA-TAGAGAATGC,12546-MO-1-UM-WS,12546-MO-1-UM-WS,3655801,12546-MO/12546-MO-1_AACTTCGTAA-TAGAGAATGC
12546-MO,12546-MO-1_CTTCAGTGTG-TTCTTAACGC,Worm-pool-1,CTTCAGTGTG-TTCTTAACGC,12546-MO-1-UM-WS,12546-MO-1-UM-WS,7766698,12546-MO/12546-MO-1_CTTCAGTGTG-TTCTTAACGC
12546-MO,12546-MO-1_CTTCAGTGTG-ACCCAGTATG,Worm-pool-2,CTTCAGTGTG-ACCCAGTATG,12546-MO-1-UM-WS,12546-MO-1-UM-WS,6514635,12546-MO/12546-MO-1_CTTCAGTGTG-ACCCAGTATG
12546-MO,12546-MO-1_CTTCAGTGTG-AACGGCTGGA,Worm-pool-3,CTTCAGTGTG-AACGGCTGGA,12546-MO-1-UM-WS,12546-MO-1-UM-WS,7453919,12546-MO/12546-MO-1_CTTCAGTGTG-AACGGCTGGA
12546-MO,12546-MO-1_CTTCAGTGTG-ATCGTCCGCG,Worm-pool-4,CTTCAGTGTG-ATCGTCCGCG,12546-MO-1-UM-WS,12546-MO-1-UM-WS,7678333,12546-MO/12546-MO-1_CTTCAGTGTG-ATCGTCCGCG
12546-MO,12546-MO-1_CTTCAGTGTG-AGCAAGGTCT,Worm-pool-5,CTTCAGTGTG-AGCAAGGTCT,12546-MO-1-UM-WS,12546-MO-1-UM-WS,8080708,12546-MO/12546-MO-1_CTTCAGTGTG-AGCAAGGTCT
12546-MO,12546-MO-1_CTTCAGTGTG-ATTCGGTAGT,Worm-pool-6,CTTCAGTGTG-ATTCGGTAGT,12546-MO-1-UM-WS,12546-MO-1-UM-WS,6747572,12546-MO/12546-MO-1_CTTCAGTGTG-ATTCGGTAGT
12546-MO,12546-MO-1_CTTCAGTGTG-TCTAAACCCT,Worm-pool-7,CTTCAGTGTG-TCTAAACCCT,12546-MO-1-UM-WS,12546-MO-1-UM-WS,7000744,12546-MO/12546-MO-1_CTTCAGTGTG-TCTAAACCCT
12546-MO,12546-MO-1_CTTCAGTGTG-TAGAGAATGC,Worm-pool-8,CTTCAGTGTG-TAGAGAATGC,12546-MO-1-UM-WS,12546-MO-1-UM-WS,9094994,12546-MO/12546-MO-1_CTTCAGTGTG-TAGAGAATGC
12546-MO,12546-MO-1_ACATGGCCTA-ACCCAGTATG,YPD-30C-after-2,ACATGGCCTA-ACCCAGTATG,12546-MO-1-UM-WS,12546-MO-1-UM-WS,6248112,12546-MO/12546-MO-1_ACATGGCCTA-ACCCAGTATG
12546-MO,12546-MO-1_ACATGGCCTA-TTCTTAACGC,YPD-30C-after-1,ACATGGCCTA-TTCTTAACGC,12546-MO-1-UM-WS,12546-MO-1-UM-WS,9945765,12546-MO/12546-MO-1_ACATGGCCTA-TTCTTAACGC
12546-MO,12546-MO-1_ACATGGCCTA-AACGGCTGGA,YPD-30C-after-3,ACATGGCCTA-AACGGCTGGA,12546-MO-1-UM-WS,12546-MO-1-UM-WS,4011206,12546-MO/12546-MO-1_ACATGGCCTA-AACGGCTGGA
12546-MO,12546-MO-1_ACATGGCCTA-ATCGTCCGCG,YPD-30C-after-4,ACATGGCCTA-ATCGTCCGCG,12546-MO-1-UM-WS,12546-MO-1-UM-WS,9570236,12546-MO/12546-MO-1_ACATGGCCTA-ATCGTCCGCG
12546-MO,12546-MO-1_ACATGGCCTA-AGCAAGGTCT,YPD-30C-after-5,ACATGGCCTA-AGCAAGGTCT,12546-MO-1-UM-WS,12546-MO-1-UM-WS,8995069,12546-MO/12546-MO-1_ACATGGCCTA-AGCAAGGTCT
12546-MO,12546-MO-1_ACATGGCCTA-ATTCGGTAGT,YPD-30C-after-6,ACATGGCCTA-ATTCGGTAGT,12546-MO-1-UM-WS,12546-MO-1-UM-WS,12510482,12546-MO/12546-MO-1_ACATGGCCTA-ATTCGGTAGT
12546-MO,12546-MO-1_ACATGGCCTA-TCTAAACCCT,YPD-30C-after-7,ACATGGCCTA-TCTAAACCCT,12546-MO-1-UM-WS,12546-MO-1-UM-WS,11332943,12546-MO/12546-MO-1_ACATGGCCTA-TCTAAACCCT
12546-MO,12546-MO-1_ACATGGCCTA-TAGAGAATGC,YPD-30C-after-8,ACATGGCCTA-TAGAGAATGC,12546-MO-1-UM-WS,12546-MO-1-UM-WS,11646282,12546-MO/12546-MO-1_ACATGGCCTA-TAGAGAATGC
12546-MO,12546-MO-1_TGTCAGATTC-AGCAAGGTCT,YPD-30C-after-35cyc-1,TGTCAGATTC-AGCAAGGTCT,12546-MO-1-UM-WS,12546-MO-1-UM-WS,48660611,12546-MO/12546-MO-1_TGTCAGATTC-AGCAAGGTCT
12546-MO,12546-MO-1_CTATCGGAGT-AAGCTGCCTA,YPD-30C-after-35cyc-2,CTATCGGAGT-AAGCTGCCTA,12546-MO-1-UM-WS,12546-MO-1-UM-WS,39088332,12546-MO/12546-MO-1_CTATCGGAGT-AAGCTGCCTA
12546-MO,12546-MO-1_CTATCGGAGT-ATTTGTGGGT,YPD-30C-after-35cyc-3,CTATCGGAGT-ATTTGTGGGT,12546-MO-1-UM-WS,12546-MO-1-UM-WS,30547256,12546-MO/12546-MO-1_CTATCGGAGT-ATTTGTGGGT
12546-MO,12546-MO-1_CTATCGGAGT-TACATGGAGC,YPD-30C-after-35cyc-4,CTATCGGAGT-TACATGGAGC,12546-MO-1-UM-WS,12546-MO-1-UM-WS,50921703,12546-MO/12546-MO-1_CTATCGGAGT-TACATGGAGC
12546-MO,12546-MO-1_CTATCGGAGT-GCCTCAGCAG,YPD-30C-after-35cyc-5,CTATCGGAGT-GCCTCAGCAG,12546-MO-1-UM-WS,12546-MO-1-UM-WS,19816907,12546-MO/12546-MO-1_CTATCGGAGT-GCCTCAGCAG
12546-MO,12546-MO-1_CTATCGGAGT-AGTCGAACGA,YPD-30C-after-35cyc-6,CTATCGGAGT-AGTCGAACGA,12546-MO-1-UM-WS,12546-MO-1-UM-WS,36220422,12546-MO/12546-MO-1_CTATCGGAGT-AGTCGAACGA
12546-MO,12546-MO-1_CTATCGGAGT-GGTTGCCCTG,YPD-30C-after-35cyc-7,CTATCGGAGT-GGTTGCCCTG,12546-MO-1-UM-WS,12546-MO-1-UM-WS,93991114,12546-MO/12546-MO-1_CTATCGGAGT-GGTTGCCCTG
12546-MO,12546-MO-1_CTATCGGAGT-ATCTTGGAGT,YPD-30C-after-35cyc-8,CTATCGGAGT-ATCTTGGAGT,12546-MO-1-UM-WS,12546-MO-1-UM-WS,30288268,12546-MO/12546-MO-1_CTATCGGAGT-ATCTTGGAGT
12546-MO,12546-MO-1_AAGGCTCAGC-TTCTTAACGC,YPD-37C-after-1,AAGGCTCAGC-TTCTTAACGC,12546-MO-1-UM-WS,12546-MO-1-UM-WS,2953050,12546-MO/12546-MO-1_AAGGCTCAGC-TTCTTAACGC
12546-MO,12546-MO-1_AAGGCTCAGC-ACCCAGTATG,YPD-37C-after-2,AAGGCTCAGC-ACCCAGTATG,12546-MO-1-UM-WS,12546-MO-1-UM-WS,7527204,12546-MO/12546-MO-1_AAGGCTCAGC-ACCCAGTATG
12546-MO,12546-MO-1_AAGGCTCAGC-AACGGCTGGA,YPD-37C-after-3,AAGGCTCAGC-AACGGCTGGA,12546-MO-1-UM-WS,12546-MO-1-UM-WS,5585455,12546-MO/12546-MO-1_AAGGCTCAGC-AACGGCTGGA
12546-MO,12546-MO-1_AAGGCTCAGC-ATCGTCCGCG,YPD-37C-after-4,AAGGCTCAGC-ATCGTCCGCG,12546-MO-1-UM-WS,12546-MO-1-UM-WS,5663852,12546-MO/12546-MO-1_AAGGCTCAGC-ATCGTCCGCG
12546-MO,12546-MO-1_AAGGCTCAGC-AGCAAGGTCT,YPD-37C-after-5,AAGGCTCAGC-AGCAAGGTCT,12546-MO-1-UM-WS,12546-MO-1-UM-WS,6309605,12546-MO/12546-MO-1_AAGGCTCAGC-AGCAAGGTCT
12546-MO,12546-MO-1_AAGGCTCAGC-ATTCGGTAGT,YPD-37C-after-6,AAGGCTCAGC-ATTCGGTAGT,12546-MO-1-UM-WS,12546-MO-1-UM-WS,6280696,12546-MO/12546-MO-1_AAGGCTCAGC-ATTCGGTAGT
12546-MO,12546-MO-1_AAGGCTCAGC-TCTAAACCCT,YPD-37C-after-7,AAGGCTCAGC-TCTAAACCCT,12546-MO-1-UM-WS,12546-MO-1-UM-WS,5891987,12546-MO/12546-MO-1_AAGGCTCAGC-TCTAAACCCT
12546-MO,12546-MO-1_AAGGCTCAGC-TAGAGAATGC,YPD-37C-after-8,AAGGCTCAGC-TAGAGAATGC,12546-MO-1-UM-WS,12546-MO-1-UM-WS,7939868,12546-MO/12546-MO-1_AAGGCTCAGC-TAGAGAATGC
12546-MO,12546-MO-1_TGCCAACCAG-TTCTTAACGC,worm-20C-1,TGCCAACCAG-TTCTTAACGC,12546-MO-1-UM-WS,12546-MO-1-UM-WS,7487665,12546-MO/12546-MO-1_TGCCAACCAG-TTCTTAACGC
12546-MO,12546-MO-1_TGCCAACCAG-ACCCAGTATG,worm-20C-2,TGCCAACCAG-ACCCAGTATG,12546-MO-1-UM-WS,12546-MO-1-UM-WS,10983635,12546-MO/12546-MO-1_TGCCAACCAG-ACCCAGTATG
12546-MO,12546-MO-1_TGCCAACCAG-AACGGCTGGA,worm-20C-3,TGCCAACCAG-AACGGCTGGA,12546-MO-1-UM-WS,12546-MO-1-UM-WS,12135948,12546-MO/12546-MO-1_TGCCAACCAG-AACGGCTGGA
12546-MO,12546-MO-1_TGCCAACCAG-ATCGTCCGCG,worm-20C-4,TGCCAACCAG-ATCGTCCGCG,12546-MO-1-UM-WS,12546-MO-1-UM-WS,3908342,12546-MO/12546-MO-1_TGCCAACCAG-ATCGTCCGCG
12546-MO,12546-MO-1_TGCCAACCAG-AGCAAGGTCT,worm-20C-5,TGCCAACCAG-AGCAAGGTCT,12546-MO-1-UM-WS,12546-MO-1-UM-WS,1916051,12546-MO/12546-MO-1_TGCCAACCAG-AGCAAGGTCT
12546-MO,12546-MO-1_TGCCAACCAG-ATTCGGTAGT,worm-20C-6,TGCCAACCAG-ATTCGGTAGT,12546-MO-1-UM-WS,12546-MO-1-UM-WS,52352170,12546-MO/12546-MO-1_TGCCAACCAG-ATTCGGTAGT
12546-MO,12546-MO-1_TGCCAACCAG-TCTAAACCCT,worm-20C-7,TGCCAACCAG-TCTAAACCCT,12546-MO-1-UM-WS,12546-MO-1-UM-WS,5360987,12546-MO/12546-MO-1_TGCCAACCAG-TCTAAACCCT
12546-MO,12546-MO-1_TGCCAACCAG-TAGAGAATGC,worm-20C-8,TGCCAACCAG-TAGAGAATGC,12546-MO-1-UM-WS,12546-MO-1-UM-WS,23058368,12546-MO/12546-MO-1_TGCCAACCAG-TAGAGAATGC
12546-MO,12546-MO-1_TAAGAAGCAG-TTCTTAACGC,worm-20C-9,TAAGAAGCAG-TTCTTAACGC,12546-MO-1-UM-WS,12546-MO-1-UM-WS,15544822,12546-MO/12546-MO-1_TAAGAAGCAG-TTCTTAACGC
12546-MO,12546-MO-1_TAAGAAGCAG-ACCCAGTATG,worm-20C-10,TAAGAAGCAG-ACCCAGTATG,12546-MO-1-UM-WS,12546-MO-1-UM-WS,29510789,12546-MO/12546-MO-1_TAAGAAGCAG-ACCCAGTATG
12546-MO,12546-MO-1_TAAGAAGCAG-AGCAAGGTCT,worm-37C-60,TAAGAAGCAG-AGCAAGGTCT,12546-MO-1-UM-WS,12546-MO-1-UM-WS,5496618,12546-MO/12546-MO-1_TAAGAAGCAG-AGCAAGGTCT
12546-MO,12546-MO-1_TAAGAAGCAG-ATTCGGTAGT,worm-37C-61,TAAGAAGCAG-ATTCGGTAGT,12546-MO-1-UM-WS,12546-MO-1-UM-WS,1895704,12546-MO/12546-MO-1_TAAGAAGCAG-ATTCGGTAGT
12546-MO,12546-MO-1_TAAGAAGCAG-TCTAAACCCT,worm-37C-62,TAAGAAGCAG-TCTAAACCCT,12546-MO-1-UM-WS,12546-MO-1-UM-WS,16406018,12546-MO/12546-MO-1_TAAGAAGCAG-TCTAAACCCT
12546-MO,12546-MO-1_TAAGAAGCAG-TAGAGAATGC,worm-37C-63,TAAGAAGCAG-TAGAGAATGC,12546-MO-1-UM-WS,12546-MO-1-UM-WS,1879023,12546-MO/12546-MO-1_TAAGAAGCAG-TAGAGAATGC
12546-MO,12546-MO-1_TGTCAGATTC-ATCGTCCGCG,worm-37C-67,TGTCAGATTC-ATCGTCCGCG,12546-MO-1-UM-WS,12546-MO-1-UM-WS,6477329,12546-MO/12546-MO-1_TGTCAGATTC-ATCGTCCGCG
